Reactions,Pathways,tsne1,tsne2,clusters
rxn02342_c0,Glycolysis / Gluconeogenesis|Citrate cycle (TCA cycle)|Pyruvate metabolism,-25.76471138,2.87533021,1
rxn08734_c0,,13.10211563,-0.55572319,3
rxn10126_c0,,-9.542062759,17.95734787,2
rxn05040_c0,Riboflavin metabolism,5.228244305,-6.911036968,3
rxn06493_c0,"Glycine, serine and threonine metabolism",14.35516167,-1.066518545,3
rxn02376_c0,Citrate cycle (TCA cycle),9.35697937,-7.362249851,3
rxn00148_c0,Glycolysis / Gluconeogenesis|Purine metabolism|Pyruvate metabolism|Carbon fixation in photosynthetic organisms,-36.51308823,-8.806611061,1
rxn00781_c0,Glycolysis / Gluconeogenesis|Carbon fixation in photosynthetic organisms,-37.01321411,-8.80470562,1
rxn05319_c0,,-31.76406097,-8.054189682,1
rxn00305_c0,Glycolysis / Gluconeogenesis|Citrate cycle (TCA cycle)|Pyruvate metabolism,-32.33218765,-1.342883945,1
rxn02380_c0,Glycolysis / Gluconeogenesis,12.34028339,-1.499080896,3
rxn05145_c0,,-30.06638908,-2.550367355,1
rxn01872_c0,Citrate cycle (TCA cycle),16.05524254,-2.479589462,3
rxn00248_c0,Citrate cycle (TCA cycle)|Pyruvate metabolism|Glyoxylate and dicarboxylate metabolism|Methane metabolism|Carbon fixation in photosynthetic organisms|Carbon fixation pathways in prokaryotes,29.01357079,-8.473396301,0
rxn00392_c0,Riboflavin metabolism,-15.8190403,14.36610031,2
rxn00747_c0,Glycolysis / Gluconeogenesis|Fructose and mannose metabolism|Inositol phosphate metabolism|Carbon fixation in photosynthetic organisms,29.75094223,-8.019207954,0
rxn01334_c0,Carbon fixation in photosynthetic organisms,7.991252422,-1.722834349,3
rxn00777_c0,Pentose phosphate pathway|Carbon fixation in photosynthetic organisms,26.92374039,-9.852572441,0
rxn00285_c0,Citrate cycle (TCA cycle)|Propanoate metabolism|Carbon fixation pathways in prokaryotes,14.87287521,-4.483474731,3
rxn01871_c0,Glycolysis / Gluconeogenesis|Citrate cycle (TCA cycle)|Pyruvate metabolism,-25.76444054,2.875324488,1
rxn00786_c0,Methane metabolism|Carbon fixation in photosynthetic organisms,-35.09700394,-8.585463524,1
rxn01100_c0,Glycolysis / Gluconeogenesis|Carbon fixation in photosynthetic organisms,30.5255661,-7.05505085,0
rxn08527_c0,,23.80373192,-2.500640631,0
rxn01116_c0,Pentose phosphate pathway|Pentose and glucuronate interconversions|Carbon fixation in photosynthetic organisms,-31.69249344,-8.013821602,1
rxn01106_c0,"Glycolysis / Gluconeogenesis|Glycine, serine and threonine metabolism|Methane metabolism",30.5255661,-7.05505085,0
rxn01476_c0,Pentose phosphate pathway,-32.53884125,-8.14453125,1
rxn01333_c0,Pentose phosphate pathway,-29.66741371,-6.813152313,1
rxn00011_c0,"Glycolysis / Gluconeogenesis|Citrate cycle (TCA cycle)|Valine, leucine and isoleucine biosynthesis|Pyruvate metabolism|Butanoate metabolism",-25.76444054,2.875324488,1
rxn05528_c0,,-27.82834625,-3.378490925,1
rxn00459_c0,Glycolysis / Gluconeogenesis|Methane metabolism,-37.01321411,-8.80470562,1
rxn05209_c0,,-29.23123932,-7.878432751,1
rxn01115_c0,Pentose phosphate pathway|Glutathione metabolism,-29.4149704,-7.556848526,1
rxn09272_c0,,-7.511018276,16.06755066,2
rxn05226_c0,,-34.62969589,-8.161128998,1
rxn00785_c0,Carbon fixation in photosynthetic organisms,26.91978073,-9.852744102,0
rxn00558_c0,,-34.1204567,-7.618093491,1
rxn01200_c0,Pentose phosphate pathway|Carbon fixation in photosynthetic organisms,26.92343712,-9.852705002,0
rxn01241_c0,,-25.76444054,2.875324488,1
rxn00288_c0,Butanoate metabolism|Carbon fixation pathways in prokaryotes,-9.542062759,17.95734787,2
rxn00122_c0,Riboflavin metabolism,-12.8878727,17.49894714,2
rxn05468_c0,,-16.41546631,12.16935062,2
rxn00441_c0,Citrate cycle (TCA cycle),9.303209305,-7.317984104,3
rxn06526_c0,,24.60878181,-13.05004883,0
rxn00224_c0,Porphyrin and chlorophyll metabolism,13.35439682,-0.747922003,3
rxn00604_c0,,-32.53884125,-8.14453125,1
rxn05467_c0,,28.17614174,-8.879981995,0
rxn00499_c0,Glycolysis / Gluconeogenesis|Pyruvate metabolism,-37.01271439,-8.804732323,1
rxn00545_c0,,-35.09700394,-8.585463524,1
rxn05602_c0,,-37.01271439,-8.804732323,1
rxn02201_c0,Folate biosynthesis,-29.0875473,-4.921923161,1
rxn00364_c0,Pyrimidine metabolism,-27.77929878,-4.812631607,1
rxn05440_c0,,11.00020027,-4.404986382,3
rxn01673_c0,Pyrimidine metabolism,-16.76068115,11.14018154,2
rxn05457_c0,,22.16432953,-7.796114922,0
rxn00107_c0,Pyrimidine metabolism,11.77107334,-2.60099721,3
rxn13783_c0,,-29.79495811,-3.017294884,1
rxn07966_c0,,10.71033287,-2.270286322,3
rxn10231_c0,,11.70402813,-4.29797411,3
rxn12637_c0,,12.69837379,1.210309386,3
rxn01219_c0,Pyrimidine metabolism,12.28388786,-3.231124878,3
rxn01218_c0,Pyrimidine metabolism,11.50240993,-3.349031687,3
rxn10344_c0,,13.54951382,1.012552619,3
rxn03384_c0,Porphyrin and chlorophyll metabolism,10.12358761,-1.299176097,3
rxn02504_c0,Folate biosynthesis,13.32201385,-3.354611635,3
rxn10262_c0,,12.43527603,-3.716839552,3
rxn10209_c0,,13.54951382,1.012552619,3
rxn08084_c0,,12.86257839,-3.463979959,3
rxn10225_c0,,11.50240993,-3.349031687,3
rxn05444_c0,,13.54951382,1.012552619,3
rxn05334_c0,Fatty acid biosynthesis,10.12358761,-1.299176097,3
rxn10205_c0,,10.12358761,-1.299176097,3
rxn07948_c0,,12.04758263,-3.997439384,3
rxn10228_c0,,13.51525211,-1.899325848,3
rxn01117_c0,,22.42876625,-10.25454521,0
rxn00001_c0,,-32.88405228,-8.11431694,1
rxn08895_c0,,13.0082922,-2.525663376,3
rxn11268_c0,,-29.9596138,-1.278737545,1
rxn05647_c0,,14.38683701,-0.505414963,3
rxn01962_c0,Purine metabolism,13.31523418,-2.281086206,3
rxn05459_c0,,12.28569031,-0.310801804,3
rxn01682_c0,"Phenylalanine, tyrosine and tryptophan biosynthesis|Benzoxazinoid biosynthesis",12.36849594,-2.741538525,3
rxn08941_c0,,-22.54559326,-4.133254051,1
rxn03181_c0,Lipopolysaccharide biosynthesis,-21.49364662,-0.290137827,1
rxn02331_c0,Lipopolysaccharide biosynthesis,-27.40653992,1.59120965,1
rxn12846_c0,,11.50240993,-3.349031687,3
rxn00337_c0,"Glycine, serine and threonine metabolism|Cysteine and methionine metabolism|Lysine biosynthesis",-20.11187553,0.541040361,1
rxn08308_c0,,14.26708031,-1.544523001,3
rxn05434_c0,,11.14925385,-4.075348854,3
rxn05346_c0,Fatty acid biosynthesis,17.29719543,-3.771267176,3
rxn08127_c0,,-22.54557228,-4.133280277,1
rxn05386_c0,,14.08823872,-2.099780321,3
rxn05516_c0,,12.34028339,-1.499080896,3
rxn09206_c0,,12.34028339,-1.499080896,3
rxn08017_c0,,11.66013908,-0.319532722,3
rxn09209_c0,,12.14204693,0.098979466,3
rxn07951_c0,,12.6711731,-2.707726002,3
rxn06672_c0,Fatty acid biosynthesis,-24.53825569,-1.272542238,1
rxn02400_c0,Nicotinate and nicotinamide metabolism,12.34028339,-1.499080896,3
rxn01268_c0,"Phenylalanine, tyrosine and tryptophan biosynthesis|Novobiocin biosynthesis",13.60601425,-1.538904786,3
rxn01974_c0,Lysine biosynthesis,26.78841019,-9.776376724,0
rxn12641_c0,,10.80580521,-2.935911894,3
rxn00060_c0,Porphyrin and chlorophyll metabolism,-13.3866415,18.38783264,2
rxn05350_c0,Fatty acid biosynthesis,11.68172169,-9.976196289,3
rxn07965_c0,,12.53735447,-0.313738048,3
rxn09198_c0,,13.55246639,-1.179097176,3
rxn05064_c0,,13.86176586,-2.617837429,3
rxn05569_c0,,-34.28995514,-3.18032527,1
rxn00100_c0,Pantothenate and CoA biosynthesis,12.34028339,-1.499080896,3
rxn00514_c0,Purine metabolism,12.34028339,-1.499080896,3
rxn02374_c0,Arginine and proline metabolism,11.23860264,-0.891864002,3
rxn05390_c0,,11.75166988,0.875566065,3
rxn05560_c0,,13.40842342,-2.956812382,3
rxn05437_c0,,12.34028339,-1.499080896,3
rxn05298_c0,,26.4320755,-10.22347736,0
rxn02264_c0,Porphyrin and chlorophyll metabolism,-11.7601099,18.56958199,2
rxn09202_c0,,-22.97193527,-0.434153795,1
rxn03903_c0,Peptidoglycan biosynthesis,12.34028339,-1.499080896,3
rxn00097_c0,Purine metabolism,-29.25455093,-5.210439682,1
rxn02212_c0,"Phenylalanine, tyrosine and tryptophan biosynthesis",-15.78650379,14.1794138,2
rxn00695_c0,Starch and sucrose metabolism|Amino sugar and nucleotide sugar metabolism,-27.82769203,-6.527060986,1
rxn05324_c0,Fatty acid biosynthesis,13.79962349,-0.636247754,3
rxn10481_c0,,-27.82958031,-3.378988743,1
rxn00692_c0,"Glycine, serine and threonine metabolism|Cyanoamino acid metabolism|Glyoxylate and dicarboxylate metabolism|One carbon pool by folate|Methane metabolism",23.53338814,-5.114914417,0
rxn10230_c0,,12.34028339,-1.499080896,3
rxn00913_c0,Purine metabolism,11.15539265,-1.743773341,3
rxn00460_c0,,-32.77414322,-6.86511755,1
rxn03958_c0,Terpenoid backbone biosynthesis,24.60878181,-13.05004883,0
rxn00131_c0,Purine metabolism,22.27603912,-7.317697525,0
rxn05329_c0,Fatty acid biosynthesis,11.68172169,-9.976196289,3
rxn03174_c0,Folate biosynthesis,14.16418743,-0.029264832,3
rxn05617_c0,,12.34028339,-1.499080896,3
rxn12638_c0,,11.06796169,-0.528332949,3
rxn01354_c0,Purine metabolism,19.05570793,-9.884349823,0
rxn01445_c0,Purine metabolism,12.00327969,-2.673478603,3
rxn00612_c0,Glycerophospholipid metabolism,-26.09227562,-10.22528648,1
rxn08766_c0,,11.6824646,-9.976178169,3
rxn05539_c0,,-32.79734421,-0.18787007,1
rxn05461_c0,,17.5940876,-6.487309933,0
rxn10222_c0,,10.77250671,-3.516727686,3
rxn10263_c0,,11.00759697,-2.73212862,3
rxn00300_c0,Riboflavin metabolism,15.22367859,-8.534065247,0
rxn08153_c0,,11.2117815,-0.948208988,3
rxn08551_c0,,10.18291378,-3.257374048,3
rxn09111_c0,,8.137966156,-3.113110065,3
rxn05607_c0,,10.39887619,-3.658523798,3
rxn05348_c0,Fatty acid biosynthesis,10.45291805,-4.259972095,3
rxn05435_c0,,9.194440842,-0.632591605,3
rxn00907_c0,One carbon pool by folate|Carbon fixation pathways in prokaryotes,-13.59210587,18.03928757,2
rxn05458_c0,,17.59119606,3.374332666,3
rxn01644_c0,Lysine biosynthesis,-34.48796082,-9.124079704,1
rxn05450_c0,,11.4864397,-2.400626421,3
rxn12847_c0,,11.41444397,-2.283737898,3
rxn05443_c0,,12.75268841,2.114922047,3
rxn09114_c0,,12.39017868,2.050076008,3
rxn10208_c0,,11.18535805,0.157006443,3
rxn05345_c0,Fatty acid biosynthesis,-28.60613632,1.697078228,1
rxn10204_c0,,11.14882469,-1.877369881,3
rxn01643_c0,"Glycine, serine and threonine metabolism|Cysteine and methionine metabolism|Lysine biosynthesis",-20.11187553,0.541040361,1
rxn04457_c0,Purine metabolism,13.12697601,0.181215048,3
rxn06937_c0,Porphyrin and chlorophyll metabolism|Aminoacyl-tRNA biosynthesis,-20.10980797,1.525353312,1
rxn00708_c0,Pyrimidine metabolism,11.59665203,-0.569370329,3
rxn10113_c0,,-14.78166199,17.46751213,2
rxn00029_c0,Porphyrin and chlorophyll metabolism,-16.55269241,11.73823738,2
rxn06673_c0,Fatty acid biosynthesis,-24.5384903,-1.272688389,1
rxn12646_c0,,11.22751999,-1.162724376,3
rxn05448_c0,,12.88157272,-0.350734055,3
rxn05446_c0,,9.56890583,-2.683820009,3
rxn05150_c0,,-12.8878727,17.49894714,2
rxn05398_c0,,10.76882553,-2.227608681,3
rxn09562_c0,,-30.91671371,-8.323923111,1
rxn07964_c0,,11.36199474,0.330992192,3
rxn00555_c0,"Alanine, aspartate and glutamate metabolism|Amino sugar and nucleotide sugar metabolism",25.50096893,-7.721568108,0
rxn03080_c0,Riboflavin metabolism,5.228244305,-6.911036968,3
rxn10237_c0,,10.43143749,-2.856249809,3
rxn12644_c0,,9.13934803,-0.670000136,3
rxn01629_c0,Porphyrin and chlorophyll metabolism,22.17871666,-7.672317505,0
rxn13784_c0,,-29.79495811,-3.017294884,1
rxn08016_c0,,17.65048218,-6.827035904,0
rxn01740_c0,"Phenylalanine, tyrosine and tryptophan biosynthesis",23.53338814,-5.114914417,0
rxn08022_c0,,11.88851357,-0.387230217,3
rxn05327_c0,Fatty acid biosynthesis,12.66033459,0.363111377,3
rxn05655_c0,,11.96827888,0.414518446,3
rxn03910_c0,Terpenoid backbone biosynthesis,-31.50494194,-0.775309384,1
rxn07976_c0,,9.949730873,-0.373452812,3
rxn00237_c0,Purine metabolism,-34.9510498,-6.192749977,1
rxn00463_c0,Pyrimidine metabolism,-25.95172119,-3.257499933,1
rxn08311_c0,,-29.64270401,1.897954941,1
rxn10264_c0,,10.0226984,-2.38983345,3
rxn10227_c0,,10.22794056,-2.42561841,3
rxn05336_c0,Fatty acid biosynthesis,15.3751545,-6.319082737,3
rxn09210_c0,,-22.97193527,-0.434153795,1
rxn07584_c0,Lipoic acid metabolism,9.967593193,-4.296915531,3
rxn05567_c0,,11.19591999,-1.561991572,3
rxn00132_c0,Purine metabolism,9.746114731,-3.799687624,3
rxn01045_c0,"Valine, leucine and isoleucine biosynthesis",8.883601189,-3.729719877,3
rxn08893_c0,,12.71199036,0.646963179,3
rxn06864_c0,Biotin metabolism,9.786187172,-3.100872755,3
rxn08615_c0,,-27.82769203,-6.527060986,1
rxn12844_c0,,14.08841324,0.381303251,3
rxn08306_c0,,8.41126442,-1.517686129,3
rxn00206_c0,,13.4617548,0.044344373,3
rxn05381_c0,,10.12358761,-1.299176097,3
rxn05340_c0,Fatty acid biosynthesis,10.44351196,-0.276404113,3
rxn04704_c0,Porphyrin and chlorophyll metabolism,12.23005962,1.556998134,3
rxn08546_c0,,8.456629753,-3.454120159,3
rxn01132_c0,Starch and sucrose metabolism,10.94604015,-0.053242818,3
rxn02916_c0,"Tropane, piperidine and pyridine alkaloid biosynthesis",13.21460533,1.791449189,3
rxn12639_c0,,10.75761223,-0.236223921,3
rxn03159_c0,Lipopolysaccharide biosynthesis,-21.49242783,-0.297267526,1
rxn00647_c0,Cysteine and methionine metabolism,12.11623383,0.885562122,3
rxn00363_c0,Pyrimidine metabolism,10.12358761,-1.299176097,3
rxn08128_c0,,28.25530624,-5.338527679,0
rxn01670_c0,Nicotinate and nicotinamide metabolism,9.303180695,-4.017572403,3
rxn12643_c0,,11.48622417,0.480424076,3
rxn00411_c0,,-35.19148254,-8.019918442,1
rxn05217_c0,,-33.77444458,-8.759754181,1
rxn03012_c0,Lysine biosynthesis,9.363108635,-3.292029381,3
rxn03908_c0,Terpenoid backbone biosynthesis,-31.50494194,-0.775309384,1
rxn09197_c0,,12.83824539,-4.439819813,3
rxn07963_c0,,17.58579063,3.366330624,3
rxn00831_c0,Purine metabolism,10.12358761,-1.299176097,3
rxn12634_c0,,9.629479408,-2.262510061,3
rxn01255_c0,"Phenylalanine, tyrosine and tryptophan biosynthesis",-15.78650379,14.1794138,2
rxn05406_c0,,10.12358761,-1.299176097,3
rxn05485_c0,,12.03046227,1.271148086,3
rxn01211_c0,One carbon pool by folate|Carbon fixation pathways in prokaryotes,-12.42879009,18.84924507,2
rxn05496_c0,,27.50402832,-7.112847805,0
rxn00527_c0,"Ubiquinone and other terpenoid-quinone biosynthesis|Tyrosine metabolism|Phenylalanine, tyrosine and tryptophan biosynthesis|Novobiocin biosynthesis|Isoquinoline alkaloid biosynthesis",8.588248253,-2.053262472,3
rxn05322_c0,Fatty acid biosynthesis,11.68172169,-9.976196289,3
rxn00792_c0,Biotin metabolism,9.274420738,-2.204598904,3
rxn06445_c0,Aminoacyl-tRNA biosynthesis,9.508015633,-0.533398628,3
rxn13782_c0,,-29.79495811,-3.017294884,1
rxn10236_c0,,10.12358761,-1.299176097,3
rxn05501_c0,,10.12358761,-1.299176097,3
rxn01509_c0,Purine metabolism,-27.80029678,-1.822825789,1
rxn02011_c0,Lysine biosynthesis|Peptidoglycan biosynthesis,-20.2628479,-0.167291209,1
rxn08528_c0,,-15.82514,14.33344936,2
rxn01145_c0,Pyrimidine metabolism,10.44351196,-0.276404113,3
rxn09205_c0,,8.985714912,-3.007456303,3
rxn09201_c0,,8.947210312,-1.495534301,3
rxn08352_c0,Terpenoid backbone biosynthesis,-23.44989967,-0.142675087,1
rxn02503_c0,Folate biosynthesis,-29.0875473,-4.921923161,1
rxn05338_c0,Fatty acid biosynthesis,8.940093994,-2.531060696,3
rxn08310_c0,,9.013720512,-1.484045744,3
rxn10224_c0,,8.883433342,-0.880334854,3
rxn05337_c0,Fatty acid biosynthesis,18.08088112,-0.861017466,3
rxn01653_c0,One carbon pool by folate,-30.67417336,-5.199497223,1
rxn00474_c0,"Phenylalanine, tyrosine and tryptophan biosynthesis",8.497458458,-2.605381012,3
rxn03843_c0,,-21.77375603,0.685175836,1
rxn07949_c0,,7.988130093,-2.264961481,3
rxn09113_c0,,-28.17235756,2.102020025,1
rxn09242_c0,,7.724285126,-2.722750425,3
rxn05465_c0,Fatty acid biosynthesis,-28.60613632,1.697078228,1
rxn12845_c0,,9.179706573,-1.909785628,3
rxn05494_c0,,-23.22400093,-1.191572428,1
rxn05347_c0,Fatty acid biosynthesis,16.16362381,-4.134666443,3
rxn08126_c0,,-33.78299713,-6.848257065,1
rxn08547_c0,,9.196810722,2.217540026,3
rxn00113_c0,"Alanine, aspartate and glutamate metabolism|Arginine and proline metabolism|Nitrogen metabolism",9.196810722,2.217540026,3
rxn00745_c0,,9.196810722,2.217540026,3
rxn06023_c0,Pantothenate and CoA biosynthesis,-12.15680408,16.79034042,2
rxn00611_c0,Glycerophospholipid metabolism,-28.97661591,-7.582031727,1
rxn01678_c0,Pyrimidine metabolism,-32.02265167,-4.052679539,1
rxn02286_c0,D-Glutamine and D-glutamate metabolism|Peptidoglycan biosynthesis,-20.90272522,0.267385125,1
rxn12640_c0,,9.196810722,2.217540026,3
rxn00412_c0,Pyrimidine metabolism,-30.48749924,-6.763576508,1
rxn01573_c0,"Valine, leucine and isoleucine biosynthesis",9.196810722,2.217540026,3
rxn00650_c0,Glutathione metabolism,-32.80017471,-0.18401508,1
rxn00515_c0,Purine metabolism,9.196810722,2.217540026,3
rxn01353_c0,Purine metabolism,19.05518913,-9.884061813,0
rxn10235_c0,,9.196810722,2.217540026,3
rxn12633_c0,,9.196810722,2.217540026,3
rxn06723_c0,Lipopolysaccharide biosynthesis,-25.02865601,0.62943387,1
rxn08924_c0,,-11.55931473,17.97636795,2
rxn00804_c0,"Valine, leucine and isoleucine degradation|Valine, leucine and isoleucine biosynthesis",9.176735878,-7.487289906,3
rxn08020_c0,,-29.53291893,1.434000492,1
rxn05325_c0,Fatty acid biosynthesis,9.196810722,2.217540026,3
rxn05207_c0,,27.60188293,-7.155183792,0
rxn11040_c0,,-31.54969215,-7.958206177,1
rxn05610_c0,,9.196810722,2.217540026,3
rxn08089_c0,,7.124779224,-0.353855133,3
rxn02508_c0,"Phenylalanine, tyrosine and tryptophan biosynthesis",9.196810722,2.217540026,3
rxn05442_c0,,9.196810722,2.217540026,3
rxn10207_c0,,9.196810722,2.217540026,3
rxn10221_c0,,9.196810722,2.217540026,3
rxn07979_c0,,9.196810722,2.217540026,3
rxn10203_c0,,9.196810722,2.217540026,3
rxn00048_c0,Riboflavin metabolism,15.37769794,-6.311965466,3
rxn05231_c0,Purine metabolism,-19.58377075,2.783466578,1
rxn09200_c0,,9.196810722,2.217540026,3
rxn05373_c0,,9.196810722,2.217540026,3
rxn05330_c0,Fatty acid biosynthesis,11.68172169,-9.976196289,3
rxn00304_c0,Purine metabolism,-34.94975662,-6.161175251,1
rxn08552_c0,,9.196810722,2.217540026,3
rxn02475_c0,Riboflavin metabolism,15.22346497,-8.534350395,0
rxn05339_c0,Fatty acid biosynthesis,18.08249474,-0.864081442,3
rxn05460_c0,,17.59409523,-6.487244606,0
rxn04132_c0,,9.196810722,2.217540026,3
rxn00714_c0,Pyrimidine metabolism,9.196810722,2.217540026,3
rxn10210_c0,,9.196810722,2.217540026,3
rxn03146_c0,Lipopolysaccharide biosynthesis,-25.02865601,0.62943387,1
rxn00410_c0,Pyrimidine metabolism,-29.90392876,-5.592582703,1
rxn05342_c0,Fatty acid biosynthesis,22.58501816,-10.82439423,0
rxn00407_c0,Pyrimidine metabolism,-30.83014297,-7.113487244,1
rxn09110_c0,,9.196810722,2.217540026,3
rxn05349_c0,Fatty acid biosynthesis,16.22374344,-3.930568457,3
rxn02405_c0,Lipopolysaccharide biosynthesis,-27.40653992,1.59120965,1
rxn02200_c0,Folate biosynthesis,26.11797142,-12.8747015,0
rxn01672_c0,Pyrimidine metabolism,13.74915028,-5.630183697,3
rxn05312_c0,,-29.60532761,-2.948710442,1
rxn05215_c0,,-32.48829269,-9.160176277,1
rxn02285_c0,Amino sugar and nucleotide sugar metabolism|Peptidoglycan biosynthesis,22.16432953,-7.796114922,0
rxn03907_c0,Terpenoid backbone biosynthesis,-31.50494194,-0.775309384,1
rxn09953_c0,,9.196810722,2.217540026,3
rxn02304_c0,Porphyrin and chlorophyll metabolism,9.196810722,2.217540026,3
rxn05436_c0,,9.196810722,2.217540026,3
rxn05195_c0,,-16.22981453,12.70481682,2
rxn10234_c0,,9.196810722,2.217540026,3
rxn01208_c0,"Valine, leucine and isoleucine biosynthesis",16.79805565,-3.853893757,3
rxn00260_c0,"Alanine, aspartate and glutamate metabolism|Carbon fixation in photosynthetic organisms",-33.76330185,-8.757145882,1
rxn00461_c0,Amino sugar and nucleotide sugar metabolism|Peptidoglycan biosynthesis,-21.25616264,-0.550285816,1
rxn02989_c0,Tryptophan metabolism,9.196810722,2.217540026,3
rxn04791_c0,Methane metabolism,9.196810722,2.217540026,3
rxn10229_c0,,9.196810722,2.217540026,3
rxn01652_c0,One carbon pool by folate,-30.67417336,-5.199497223,1
rxn05493_c0,,-33.98719788,-8.791795731,1
rxn08715_c0,,9.196810722,2.217540026,3
rxn05462_c0,,17.5940876,-6.487309933,0
rxn05239_c0,Sulfur metabolism,9.196810722,2.217540026,3
rxn08312_c0,,9.196810722,2.217540026,3
rxn01961_c0,Purine metabolism,9.196810722,2.217540026,3
rxn01517_c0,Pyrimidine metabolism,-32.02265167,-4.052679539,1
rxn10226_c0,,9.196810722,2.217540026,3
rxn09211_c0,,9.196810722,2.217540026,3
rxn03141_c0,,9.196810722,2.217540026,3
rxn05331_c0,Fatty acid biosynthesis,10.64465523,-6.081484795,3
rxn00533_c0,Tetracycline biosynthesis|Pyruvate metabolism|Propanoate metabolism|Carbon fixation pathways in prokaryotes,-25.75271416,0.656346023,1
rxn08309_c0,,9.196810722,2.217540026,3
rxn02476_c0,"Phenylalanine, tyrosine and tryptophan biosynthesis",-15.26608944,13.99825764,2
rxn01512_c0,Pyrimidine metabolism,-25.73843193,-5.826879978,1
rxn06865_c0,Lipopolysaccharide biosynthesis,-20.91202927,0.089238435,1
rxn04113_c0,Terpenoid backbone biosynthesis,-31.43543053,-0.524839818,1
rxn00980_c0,Glyoxylate and dicarboxylate metabolism,9.196810722,2.217540026,3
rxn02213_c0,"Phenylalanine, tyrosine and tryptophan biosynthesis",-15.26608944,13.99825764,2
rxn05441_c0,,9.196810722,2.217540026,3
rxn07952_c0,,9.196810722,2.217540026,3
rxn01127_c0,Purine metabolism,9.196810722,2.217540026,3
rxn08548_c0,,9.196810722,2.217540026,3
rxn05445_c0,,9.196810722,2.217540026,3
rxn05341_c0,Fatty acid biosynthesis,18.08278275,-0.86399436,3
rxn05449_c0,,9.196810722,2.217540026,3
rxn10206_c0,,9.196810722,2.217540026,3
rxn10202_c0,,17.59119606,3.374332666,3
rxn12642_c0,,9.196810722,2.217540026,3
rxn01332_c0,"Phenylalanine, tyrosine and tryptophan biosynthesis",-15.65819263,14.51781464,2
rxn01351_c0,Purine metabolism,-27.80029678,-1.822825789,1
rxn03909_c0,Terpenoid backbone biosynthesis,-31.50494194,-0.775309384,1
rxn10233_c0,,9.196810722,2.217540026,3
rxn02005_c0,,-28.60613632,1.697078228,1
rxn12635_c0,,9.196810722,2.217540026,3
rxn05297_c0,,28.19632339,-8.471209526,0
rxn05328_c0,Fatty acid biosynthesis,16.93384933,2.36722517,3
rxn05361_c0,,9.196810722,2.217540026,3
rxn05323_c0,Fatty acid biosynthesis,9.196810722,2.217540026,3
rxn01507_c0,Purine metabolism,9.196810722,2.217540026,3
rxn05651_c0,,-12.27758217,18.81095505,2
rxn03638_c0,Amino sugar and nucleotide sugar metabolism,-28.85814095,2.28934741,1
rxn05438_c0,,9.196810722,2.217540026,3
rxn10223_c0,,9.196810722,2.217540026,3
rxn10260_c0,,9.196810722,2.217540026,3
rxn00851_c0,D-Alanine metabolism|Peptidoglycan biosynthesis,-18.86267281,3.28998661,1
rxn00301_c0,Purine metabolism,-30.50134277,-3.180378675,1
rxn09199_c0,,9.196810722,2.217540026,3
rxn05233_c0,Purine metabolism,-16.76263046,11.13852692,2
rxn09109_c0,,9.196810722,2.217540026,3
rxn05332_c0,Fatty acid biosynthesis,16.93384933,2.36722517,3
rxn07441_c0,Lysine biosynthesis,-30.48868942,-6.766619682,1
rxn08550_c0,,9.196810722,2.217540026,3
rxn08898_c0,,9.196810722,2.217540026,3
rxn06076_c0,Pyrimidine metabolism,-16.76203156,11.13911819,2
rxn08890_c0,,9.196810722,2.217540026,3
rxn10259_c0,,9.196810722,2.217540026,3
rxn01602_c0,One carbon pool by folate|Folate biosynthesis,22.97134209,-5.761291027,0
rxn05223_c0,,-31.54343414,-1.650425911,1
rxn05433_c0,,9.196810722,2.217540026,3
rxn05344_c0,Fatty acid biosynthesis,17.5567646,-3.727633715,3
rxn01521_c0,Pyrimidine metabolism,9.196810722,2.217540026,3
rxn12636_c0,,9.196810722,2.217540026,3
rxn00119_c0,Pyrimidine metabolism,-25.95791817,-3.258755684,1
rxn00063_c0,Purine metabolism,-29.79316902,-3.758365393,1
rxn05149_c0,,-12.8878727,17.49894714,2
rxn08549_c0,,17.65459442,-6.849651337,0
rxn05447_c0,,9.196810722,2.217540026,3
rxn01466_c0,Terpenoid backbone biosynthesis,-23.44989967,-0.142675087,1
rxn02008_c0,D-Glutamine and D-glutamate metabolism|Peptidoglycan biosynthesis,-21.76863861,0.927346945,1
rxn05740_c0,,-27.82769203,-6.527060986,1
rxn09203_c0,,9.196810722,2.217540026,3
rxn03904_c0,Peptidoglycan biosynthesis,-20.91903305,0.083043613,1
rxn02288_c0,Porphyrin and chlorophyll metabolism,9.196810722,2.217540026,3
rxn00409_c0,Pyrimidine metabolism,-35.21007538,-8.070644379,1
rxn08015_c0,,9.196810722,2.217540026,3
rxn00840_c0,Purine metabolism,28.91830826,-7.502887726,0
rxn02518_c0,Purine metabolism,9.196810722,2.217540026,3
rxn10052_c0,,-12.8878727,17.49894714,2
rxn04133_c0,,9.196810722,2.217540026,3
rxn02517_c0,Purine metabolism,9.196810722,2.217540026,3
rxn05326_c0,Fatty acid biosynthesis,11.68172169,-9.976196289,3
rxn03164_c0,Lysine biosynthesis|Peptidoglycan biosynthesis,-20.36805725,-0.308757484,1
rxn10232_c0,,8.644136429,-5.627436161,3
rxn08942_c0,,28.25515366,-5.338840961,0
rxn06729_c0,Lipopolysaccharide biosynthesis,-25.02865601,0.62943387,1
rxn07977_c0,,9.196810722,2.217540026,3
rxn10570_c0,,9.196810722,2.217540026,3
rxn08021_c0,,9.196810722,2.217540026,3
rxn08396_c0,,9.196810722,2.217540026,3
rxn01485_c0,Amino sugar and nucleotide sugar metabolism,22.60459709,-10.88206291,0
rxn09207_c0,,9.196810722,2.217540026,3
rxn00239_c0,Purine metabolism,27.50501442,-10.12897396,0
rxn01329_c0,Fructose and mannose metabolism|Amino sugar and nucleotide sugar metabolism,9.196810722,2.217540026,3
rxn10220_c0,,9.196810722,2.217540026,3
rxn10261_c0,,9.196810722,2.217540026,3
rxn01964_c0,"Glycine, serine and threonine metabolism|Phenylalanine, tyrosine and tryptophan biosynthesis",9.196810722,2.217540026,3
rxn06591_c0,Porphyrin and chlorophyll metabolism,-20.10980797,1.525353312,1
rxn01519_c0,Pyrimidine metabolism,-32.02265167,-4.052679539,1
rxn09108_c0,,9.196810722,2.217540026,3
rxn01513_c0,Pyrimidine metabolism,-25.73619652,-5.826884747,1
rxn08307_c0,,9.196810722,2.217540026,3
rxn02474_c0,Riboflavin metabolism,7.86755085,-7.720514774,3
rxn12645_c0,,9.196810722,2.217540026,3
rxn05605_c0,,-25.81126213,-3.306740284,1
rxn02929_c0,Lysine biosynthesis,30.06414413,-8.728515625,0
rxn09208_c0,,9.196810722,2.217540026,3
rxn05439_c0,,9.196810722,2.217540026,3
rxn09014_c0,,-25.73619652,-5.826884747,1
rxn01603_c0,Folate biosynthesis,7.424559593,-5.286373615,3
rxn00686_c0,One carbon pool by folate|Folate biosynthesis,22.97134209,-5.761291027,0
rxn09112_c0,,9.196810722,2.217540026,3
rxn06075_c0,Pyrimidine metabolism,12.65901089,-6.024475098,3
rxn00689_c0,Folate biosynthesis,7.100757599,-0.979351997,3
rxn08129_c0,,24.26293755,-4.233718872,0
rxn05289_c0,Pyrimidine metabolism,-24.76163101,0.514856458,1
rxn00117_c0,Pyrimidine metabolism,-32.81153107,-6.90769577,1
rxn05343_c0,Fatty acid biosynthesis,9.196810722,2.217540026,3
rxn00493_c0,"Phenylalanine metabolism|Phenylalanine, tyrosine and tryptophan biosynthesis|Tropane, piperidine and pyridine alkaloid biosynthesis",9.196810722,2.217540026,3
rxn00293_c0,Amino sugar and nucleotide sugar metabolism,-28.85814095,2.28934741,1
rxn00367_c0,Pyrimidine metabolism,-27.74504471,-4.79163599,1
rxn00839_c0,Purine metabolism,28.65483665,-7.451965809,0
rxn21857_c0,,7.606226444,-0.516584873,3
rxn40037_c0,,30.06451988,-8.729170799,0
rxn21862_c0,,9.196810722,2.217540026,3
rxn39452_c0,,-33.04083252,-7.302717209,1
rxn21859_c0,,9.196810722,2.217540026,3
rxn24718_c0,,9.196810722,2.217540026,3
rxn47768_c0,,7.347649574,-2.081072807,3
rxn10506_c0,,9.196810722,2.217540026,3
rxn39451_c0,,-26.15123558,-10.16754818,1
rxn21858_c0,,11.67868614,-6.504860401,3
rxn46694_c0,,7.154653549,-1.511198163,3
rxn21861_c0,,6.492241859,-4.551276207,3
rxn00154_c0,,-27.8727169,3.267170906,1
rxn08098_c0,,-17.07471085,13.63037491,2
rxn20627_c0,,9.196810722,2.217540026,3
rxn43581_c0,,9.196810722,2.217540026,3
rxn40410_c0,,7.82480669,-1.276238799,3
rxn40411_c0,,7.988852024,-0.627092481,3
rxn15699_c0,Lipoic acid metabolism,8.320625305,-0.608308673,3
rxn08502_e0,,-35.25452805,-8.799385071,1
rxn26127_c0,,-33.78302383,-6.848301411,1
rxn05303_c0,,-31.22971344,0.125583977,1
rxn05244_c0,,-31.20915794,0.191165686,1
rxn05582_c0,,-30.43672943,2.788894892,1
rxn05663_c0,,-24.87721825,0.569239914,1
rxn12666_c0,,-11.54339886,17.36805534,2
rxn09657_c0,,-11.55931473,17.97636795,2
rxn05301_c0,,-29.49980736,2.037171602,1
rxn05243_c0,,-31.52378082,-0.939113617,1
rxn09696_c0,,-19.71209145,2.506004572,1
rxn05306_c0,,-30.37088966,1.38955462,1
rxn05645_c0,,-16.22434044,12.70442295,2
rxn09672_c0,,-29.66098404,1.518708467,1
rxn05687_c0,,-11.84878159,17.10471153,2
rxn05305_c0,,24.23260117,-12.86808014,0
rxn00068_c0,,24.25475502,-3.420508146,0
rxn05652_c0,,24.25475502,-3.420508146,0
rxn08192_c0,,8.471065521,-0.832378864,3
rxn09693_c0,,25.13048172,-12.26052856,0
rxn05307_c0,,-31.06757545,0.526542366,1
rxn05299_c0,,-27.62337685,1.682836413,1
rxn05638_c0,,-30.74647141,0.962470651,1
rxn05310_c0,,15.36792374,-3.471020699,3
rxn05669_c0,,-31.51626205,-0.830036044,1
rxn05508_c0,,-30.95347404,0.737675071,1
rxn05308_c0,,9.196810722,2.217540026,3
rxn05300_c0,,-31.03142738,0.596051693,1
rxn05255_c0,,-16.22753143,12.70467472,2
rxn09678_c0,,25.46549797,-7.713181019,0
rxn09690_c0,,24.07978821,-14.06544971,0
rxn05148_c0,,-11.55931473,17.97636795,2
rxn07917_c0,,-29.64270401,1.897954941,1
rxn04308_c0,Terpenoid backbone biosynthesis,-21.53315353,1.231886625,1
rxn03917_c0,Lipopolysaccharide biosynthesis,-28.60613632,1.697078228,1
rxn03918_c0,Lipopolysaccharide biosynthesis,-28.60613632,1.697078228,1
rxn01265_c0,Nicotinate and nicotinamide metabolism,-12.14770222,16.79488564,2
rxn00143_c0,Cysteine and methionine metabolism,-19.35663986,3.361538649,1
rxn08620_c0,,-21.04038048,-0.604334652,1
rxn03919_c0,Lipopolysaccharide biosynthesis,-28.60613632,1.697078228,1
rxn03150_c0,Porphyrin and chlorophyll metabolism,-12.8878727,17.49894714,2
rxn03408_c0,Peptidoglycan biosynthesis,-21.3253727,-0.516700268,1
rxn03916_c0,Lipopolysaccharide biosynthesis,-28.60613632,1.697078228,1
rxn02832_c0,Ubiquinone and other terpenoid-quinone biosynthesis,-15.19776726,14.27051449,2
rxn08240_c0,,-11.84878159,17.10471153,2
rxn02898_c0,,-15.21665096,14.30666924,2
rxn05746_c0,,-13.99846458,16.54188919,2
rxn10868_c0,,-12.56608772,16.66970444,2
rxn08583_c0,,-20.56714439,0.868469834,1
rxn02897_c0,Porphyrin and chlorophyll metabolism,-11.55931473,17.97636795,2
rxn00193_c0,D-Glutamine and D-glutamate metabolism,-20.56170845,0.867295742,1
rxn00350_c0,Glutathione metabolism,-12.8878727,17.49894714,2
rxn12549_c0,,-12.9505806,18.63578796,2
rxn00175_c0,Glycolysis / Gluconeogenesis|Methane metabolism|Carbon fixation pathways in prokaryotes,-25.02865601,0.62943387,1
rxn03395_c0,Ubiquinone and other terpenoid-quinone biosynthesis,-12.54473972,16.6720562,2
rxn03439_c0,Lipopolysaccharide biosynthesis,-20.56170845,0.867295742,1
rxn06991_c0,,-31.50494194,-0.775309384,1
rxn12008_c0,,-16.22361183,12.70435619,2
rxn10833_c0,,-13.99846458,16.54188919,2
rxn05736_c0,,-20.94250298,1.190830112,1
rxn03182_c0,Lipopolysaccharide biosynthesis,-20.13196754,0.573139012,1
rxn08318_c0,,-29.53291893,1.434000492,1
rxn03511_c0,Lipopolysaccharide biosynthesis,-28.60613632,1.697078228,1
rxn00124_c0,Vitamin B6 metabolism,-11.5466156,17.3644371,2
rxn00605_c0,,-28.60613632,1.697078228,1
rxn03538_c0,Porphyrin and chlorophyll metabolism,-12.30335808,18.23771095,2
rxn10199_c0,,-21.5726757,0.045448698,1
rxn09106_c0,,-28.17235756,2.102020025,1
rxn08713_c0,,-20.81398964,-0.562674761,1
rxn00770_c0,Pentose phosphate pathway|Purine metabolism,-12.8878727,17.49894714,2
rxn02774_c0,Porphyrin and chlorophyll metabolism,-12.8878727,17.49894714,2
rxn16108_c0,Terpenoid backbone biosynthesis,-16.22434044,12.70442295,2
rxn00440_c0,Thiamine metabolism,-12.03952885,17.83473396,2
rxn12225_c0,,-7.19095993,15.94827938,2
rxn02003_c0,Streptomycin biosynthesis|Polyketide sugar unit biosynthesis,-21.55675125,0.051119406,1
rxn08954_c0,,-20.64736748,-0.470531672,1
rxn05471_c0,,-30.25980568,1.476045847,1
rxn08935_c0,,-15.9684267,13.3224411,2
rxn02056_c0,Porphyrin and chlorophyll metabolism,-11.98016071,17.66317177,2
rxn05029_c0,Porphyrin and chlorophyll metabolism,-12.8878727,17.49894714,2
rxn03397_c0,Ubiquinone and other terpenoid-quinone biosynthesis,-12.9505806,18.63578796,2
rxn00615_c0,Glycerolipid metabolism,-23.02607346,-0.132863581,1
rxn08708_c0,,-21.19381332,1.313346148,1
rxn03901_c0,Peptidoglycan biosynthesis,-21.18579483,0.581498861,1
rxn08711_c0,,-21.76305962,0.938666582,1
rxn08333_c0,,-15.62364483,14.52180767,2
rxn13778_c0,,-19.35838699,3.360473156,1
rxn09686_c0,,-19.58377075,2.783466578,1
rxn03536_c0,Porphyrin and chlorophyll metabolism,-13.59527302,18.03104401,2
rxn01739_c0,"Phenylalanine, tyrosine and tryptophan biosynthesis",-15.29471207,13.98242474,2
rxn10832_c0,,-15.82455349,14.3375473,2
rxn00910_c0,One carbon pool by folate|Methane metabolism,-13.3909893,18.38266182,2
rxn05497_c0,,-24.17016983,1.158288836,1
rxn03393_c0,Ubiquinone and other terpenoid-quinone biosynthesis,-12.9505806,18.63578796,2
rxn01258_c0,Ubiquinone and other terpenoid-quinone biosynthesis|Biosynthesis of siderophore group nonribosomal peptides,-15.45283604,14.49577904,2
rxn08233_c0,,-7.19095993,15.94827938,2
rxn06848_c0,Lipopolysaccharide biosynthesis,-21.55291748,1.21451211,1
rxn10484_c0,,-30.4892807,-6.767597198,1
rxn10336_c0,,-23.02607346,-0.132863581,1
rxn02000_c0,Streptomycin biosynthesis|Polyketide sugar unit biosynthesis,-21.71078491,0.46488592,1
rxn02831_c0,Ubiquinone and other terpenoid-quinone biosynthesis,-15.26697445,13.99764538,2
rxn09225_c0,,-20.09547806,0.123600259,1
rxn01997_c0,Streptomycin biosynthesis|Polyketide sugar unit biosynthesis|Biosynthesis of vancomycin group antibiotics,-21.67264557,0.179638267,1
rxn03130_c0,Lipopolysaccharide biosynthesis,-20.50806046,0.280485094,1
rxn03893_c0,Ubiquinone and other terpenoid-quinone biosynthesis,-11.74900436,18.56321526,2
rxn03396_c0,Ubiquinone and other terpenoid-quinone biosynthesis,-12.8878727,17.49894714,2
rxn08709_c0,,-20.57708549,-0.447434038,1
rxn02287_c0,Porphyrin and chlorophyll metabolism,-12.28547478,18.22275352,2
rxn08299_c0,,-29.64270401,1.897954941,1
rxn01675_c0,Streptomycin biosynthesis|Polyketide sugar unit biosynthesis,-21.06501961,0.688526571,1
rxn13360_c0,,-14.89102554,15.21297264,2
rxn08712_c0,,-20.1421032,0.015481411,1
rxn08618_c0,,-20.98112679,0.468504697,1
rxn04675_c0,,-15.2574625,14.00440884,2
rxn10094_c0,,-11.92237568,18.66864204,2
rxn08710_c0,,-21.17582321,1.31594038,1
rxn11946_c0,Ubiquinone and other terpenoid-quinone biosynthesis,-12.9505806,18.63578796,2
rxn00102_c0,Nitrogen metabolism,-28.60613632,1.697078228,1
rxn05514_c0,,-11.84878159,17.10471153,2
rxn00137_c0,,-12.28973103,18.22811127,2
rxn03537_c0,Porphyrin and chlorophyll metabolism,-12.8878727,17.49894714,2
rxn10163_c0,,-20.90663338,1.189764142,1
rxn00088_c0,Nicotinate and nicotinamide metabolism,-7.510120869,16.08045578,2
rxn05525_c0,,-30.8527298,0.87032932,1
rxn02404_c0,Lipopolysaccharide biosynthesis,-27.40653992,1.59120965,1
rxn04139_c0,Ubiquinone and other terpenoid-quinone biosynthesis,-12.42879009,18.84924507,2
rxn01213_c0,Terpenoid backbone biosynthesis,-23.44952011,-0.140985966,1
rxn08619_c0,,-21.71794128,0.496229023,1
bio1_biomass,,-29.79495811,-3.017294884,1
EX_cpd00046_e0,,23.37387466,-12.24929142,0
EX_cpd01030_e0,,9.196810722,2.217540026,3
EX_cpd00023_e0,,-33.7458992,-8.486917496,1
EX_cpd03847_e0,,22.16432953,-7.796114922,0
EX_cpd15311_e0,,22.77024651,-11.30601406,0
EX_cpd15494_e0,,24.26293755,-4.233718872,0
EX_cpd00099_e0,,24.25475502,-3.420508146,0
EX_cpd00027_e0,,29.68686867,-8.101285934,0
EX_cpd03696_e0,,9.196810722,2.217540026,3
EX_cpd03726_e0,,-35.25452805,-8.799385071,1
EX_cpd03453_e0,,29.86851692,-7.91917038,0
EX_cpd00069_e0,,22.73641586,-11.23148155,0
EX_cpd00156_e0,,24.66066933,-13.07029438,0
EX_cpd00644_e0,,9.196810722,2.217540026,3
EX_cpd00017_e0,,22.20631218,-7.533185005,0
EX_cpd00082_e0,,9.196810722,2.217540026,3
EX_cpd00063_e0,,24.25475502,-3.420508146,0
EX_cpd00039_e0,,24.23260117,-12.86808014,0
EX_cpd00010_e0,,23.53338814,-5.114914417,0
EX_cpd00054_e0,,23.62947083,-12.487257,0
EX_cpd00215_e0,,24.25475502,-3.420508146,0
EX_cpd00028_e0,,24.25475502,-3.420508146,0
EX_cpd00013_e0,,-12.8878727,17.49894714,2
EX_cpd00084_e0,,-32.86976624,-0.103584521,1
EX_cpd00030_e0,,24.25475502,-3.420508146,0
EX_cpd00104_e0,,24.25475502,-3.420508146,0
EX_cpd00138_e0,,9.196810722,2.217540026,3
EX_cpd00007_e0,,22.87476921,-5.924110413,0
EX_cpd00305_e0,,24.25475502,-3.420508146,0
EX_cpd00218_e0,,5.667005062,-3.663618803,3
EX_cpd02227_e0,,-19.35838699,3.360473156,1
EX_cpd00035_e0,,25.05920601,-13.14100361,0
EX_cpd00531_e0,,9.196810722,2.217540026,3
EX_cpd00264_e0,,24.25475502,-3.420508146,0
EX_cpd00205_e0,,24.25475502,-3.420508146,0
EX_cpd00116_e0,,9.196810722,2.217540026,3
EX_cpd00011_e0,,-32.64580154,-8.160653114,1
EX_cpd00149_e0,,24.25475502,-3.420508146,0
EX_cpd00012_e0,,-29.9596138,-1.278737545,1
EX_cpd00064_e0,,9.196810722,2.217540026,3
EX_cpd00048_e0,,24.25475502,-3.420508146,0
EX_cpd00971_e0,,8.031971931,-7.63435173,3
EX_cpd00794_e0,,22.58501816,-10.82439423,0
EX_cpd00006_e0,,23.85399818,-4.638879776,0
EX_cpd00119_e0,,22.4552803,-10.37037754,0
EX_cpd04097_e0,,9.196810722,2.217540026,3
EX_cpd01741_e0,,22.77393913,-11.31487846,0
EX_cpd00118_e0,,24.25475502,-3.420508146,0
EX_cpd00130_e0,,-33.74113846,-8.749022484,1
EX_cpd00314_e0,,9.196810722,2.217540026,3
EX_cpd00053_e0,,-34.2902565,-3.146876335,1
EX_cpd00393_e0,,22.97134209,-5.761291027,0
EX_cpd00159_e0,,-37.01271439,-8.804732323,1
EX_cpd00076_e0,,9.196810722,2.217540026,3
EX_cpd01171_e0,,9.196810722,2.217540026,3
EX_cpd00588_e0,,9.196810722,2.217540026,3
EX_cpd00001_e0,,27.7723999,-9.268591881,0
EX_cpd00132_e0,,23.47408676,-12.35387802,0
EX_cpd00067_e0,,-36.99931335,-8.804480553,1
EX_cpd10516_e0,,29.86854935,-7.919203758,0
EX_cpd00357_e0,,22.22014427,-7.480555534,0
EX_cpd00060_e0,,22.79668999,-11.36467171,0
EX_cpd00009_e0,,-27.56284332,3.848911047,1
EX_cpd00635_e0,,9.196810722,2.217540026,3
EX_cpd00322_e0,,23.87086296,-12.66103554,0
EX_cpd00018_e0,,22.11278343,-8.827118874,0
EX_cpd00058_e0,,24.25475502,-3.420508146,0
EX_cpd00276_e0,,25.50240135,-7.722424507,0
EX_cpd00041_e0,,29.04070473,-8.462184906,0
EX_cpd00065_e0,,22.19948006,-8.858969688,0
EX_cpd01017_e0,,24.17601967,-14.01488113,0
EX_cpd00122_e0,,9.196810722,2.217540026,3
EX_cpd00129_e0,,23.30642128,-12.17639828,0
EX_cpd01012_e0,,9.196810722,2.217540026,3
EX_cpd00107_e0,,24.77261162,-13.10430908,0
EX_cpd00179_e0,,9.196810722,2.217540026,3
EX_cpd00051_e0,,23.91329575,-12.69033051,0
EX_cpd00066_e0,,23.02968216,-11.80035591,0
EX_cpd00126_e0,,22.9770031,-11.71107292,0
EX_cpd00033_e0,,21.90735245,-11.9644289,0
EX_cpd00117_e0,,22.15259552,-8.402113914,0
EX_cpd00220_e0,,22.97134209,-5.761291027,0
EX_cpd00034_e0,,24.25475502,-3.420508146,0
EX_cpd00254_e0,,24.25475502,-3.420508146,0
EX_cpd00024_e0,,29.1660881,-8.379951477,0
EX_cpd00731_e0,,22.48700714,-5.273027897,0
EX_cpd00136_e0,,24.25475502,-3.420508146,0
EX_cpd00161_e0,,23.57821274,-12.4464922,0
DM_cpd11416_c0,,-29.79459572,-3.017174721,1
DM_cpd15302_c0,,9.196810722,2.217540026,3
EX_cpd00002_e0,,22.36910439,-10.05613804,0
EX_cpd00003_e0,,19.132267,-3.070595026,0
EX_cpd00079_e0,,25.7984581,-12.99149799,0
ATP_TRANSPORT_c0,,-26.81629944,1.137695313,1
NAD_TRANSPORT_c0,,-6.8798666,15.81221867,2
G6P_TRANSPORT_c0,,-29.24630356,-3.048463345,1
