Sample,TRP16,TRP24
CTL0001,0.05547351,0.076945237
CTL0002,0.251654366,0.176160011
CTL0003,0.012075067,0.015590027
CTL0004,0.288637233,0.362937729
CTL0005,0.129433169,0.124534548
CTL0006,0.024585755,0.032837077
CTL0007,0.014299052,0.020716369
CTL0008,0.017418473,0.023409181
CTL0009,0.454799836,0.357739316
CTL0010,0.035725131,0.03091667
CTL0011,0.228951662,0.178709164
CTL0012,0.020164335,0.034496122
CTL0013,0.017995713,0.023902524
CTL0014,0.055256218,0.074927206
CTL0015,0.009951734,0.015770255
CTL0016,0.021222536,0.029070342
CTL0017,0.006153277,0.008155656
CTL0018,0.101567949,0.195035797
CTL0019,0.022384837,0.026748081
CTL0020,0.176720627,0.162702314
CTL0021,0.004119045,0.00490752
CTL0022,0.023797087,0.033186391
CTL0023,0.022577119,0.029480384
CTL0024,0.120318102,0.139258569
CTL0025,0.027464469,0.028524565
CTL0026,0.01635465,0.01631146
CTL0027,0.026590383,0.035561704
CTL0028,0.079503698,0.068417775
CTL0029,0.015096751,0.030116207
CTL0030,0.021092318,0.054406754
CTL0031,0.029414261,0.030594623
CTL0032,0.042833334,0.040889198
CTL0033,0.185779643,0.181500733
CTL0034,0.054024192,0.054188353
CTL0035,0.04916339,0.048548348
CTL0036,0.067635491,0.065444632
CTL0037,0.033381845,0.032315045
CTL0038,0.056911402,0.055290108
CTL0039,0.058600133,0.042301365
CTL0040,0.075821279,0.074879844
CTL0041,0.056168265,0.05204638
CTL0042,0.052291927,0.04933971
CTL0043,0.327419929,0.3612529
CTL0044,0.017617252,0.01339901
CTL0045,0.013100788,0.018189552
CTL0046,0.152389979,0.145236181
CTL0047,0.283634688,0.352189695
CTL0048,0.140217811,0.184574997
CTL0049,0.638826028,0.74308045
CTL0051,0.083305581,0.085804303
CTL0052,0.014248091,0.012253876
CTL0053,0.139258584,0.163473883
CTL0054,0.048555087,0.049999708
CTL0055,0.053351082,0.07556738
CTL0056,1,0.751011382
CTL0057,0.132335624,0.137245687
CTL0058,0.039336107,0.043088656
CTL0059,0.159013794,0.11962024
CTL0060,0.851194863,0.750051615
CTL0061,0.203737407,0.256810054
CTL0062,0.075241642,0.07010467
CTL0063,0.007699992,0.007499523
CTL0064,0.020779233,0.024020927
CTL0065,0.038282286,0.032975273
CTL0066,0.002108854,0.004527686
CTL0067,0.034418245,0.056683261
CTL0068,0.02002996,0.035058911
CTL0069,0.120939115,0.105642589
CTL0070,0.482599961,0.510164524
CTL0071,0.076888387,0.081227981
CTL0072,0.074352205,0.121195674
CTL0073,0.080614887,0.090973644
CTL0074,0.175885606,0.196460661
CTL0075,0.521593129,0.50840465
CTL0076,0.248609692,0.269264576
CTL0077,0.331827545,0.293086153
CTL0078,0.137045282,0.137298228
CTL0079,0.096038339,0.110544366
CTL0080,0.033876958,0.032937864
CTL0081,0.012635934,0.010887781
CTL0082,0.083143684,0.076805159
CTL0083,0.028919045,0.034756294
CTL0084,0.009385202,0.017192775
CTL0085,0.003287948,0.003769688
CTL0086,0.001484662,0.001831153
CTL0087,0.009947453,0.009140137
CTL0088,0.018971873,0.020156158
CTL0089,0.011637334,0.019357358
CTL0090,0.042278295,0.057760269
CTL0091,0.021493741,0.032756076
CTL0092,0.145027949,0.172206443
CTL0093,0.016751513,0.016815834
CTL0094,0.020098374,0.025745362
CTL0095,0.026385011,0.030198273
CTL0096,0.086146251,0.11616891
CTL0097,0.043148576,0.049405421
CTL0098,0.073976681,0.088404615
CTL0099,0.030202379,0.041547455
CTL0100,0.117087924,0.15754153
CTL0101,0.029831964,0.041530585
CTL0102,0.059627816,0.075830094
CTL0103,0.383906672,0.418678791
CTL0104,0.130099462,0.175396524
CTL0105,0.10023338,0.115507408
CTL0106,0.02207043,0.022992333
CTL0107,0.024090026,0.029239137
CTL0108,0.104961268,0.1213392
CTL0109,0.135486598,0.113149088
CTL0110,0.201266132,0.233180476
CTL0111,0.015755085,0.024260363
CTL0112,0.131456373,0.08259132
CTL0113,0.022879597,0.024937871
CTL0114,0.021202345,0.031468629
CTL0115,0.029921442,0.048434239
CTL0116,0.032335279,0.039462263
CTL0117,0.166950467,0.200281314
CTL0118,0.148689214,0.193289005
CTL0119,0.238932555,0.358173466
CTL0120,0.06101652,0.083891806
CTL0121,0.134521477,0.262992568
CTL0122,0.001939869,0.003062215
CTL0123,0.004488106,0.007394279
CTL0124,0.094447045,0.098681911
CTL0125,0.017435899,0.021261035
CTL0126,0.019808889,0.018890529
CTL0127,0.14570043,0.156764904
CTL0128,0.052904992,0.05776061
CTL0129,0.036253706,0.034724517
CTL0130,0.006689871,0.007214563
CTL0131,0.136639705,0.144399303
CTL0132,0.155758686,0.133071035
CTL0133,0.002559835,0.004090377
CTL0134,0.00276713,0.003129579
CTL0135,0.040431687,0.050625165
CTL0136,0.016143893,0.01759382
CTL0137,0.516208004,0.592767328
CTL0138,0.212294021,0.196665968
CTL0139,0.210789674,0.231503297
CTL0140,0.177681549,0.196162043
CTL0141,0.073961825,0.102254106
CTL0142,0.259600678,0.190059559
CTL0143,0.010077588,0.013920018
CTL0144,0.078182063,0.089001492
CTL0145,0.073060718,0.086006294
CTL0146,0.101330429,0.103715557
CTL0147,0.009662375,0.01658753
CTL0148,0.000326817,0.000703424
CTL0149,0.022637639,0.026542607
CTL0150,0.046613646,0.072390041
CTL0151,0.19080078,0.233137809
CTL0152,0.189496646,0.139268921
CTL0153,0.16470716,0.194614918
CTL0153A,0.010470941,0.013088173
CTL0154,0.121792808,0.14666547
CTL0155,0.174194425,0.224521905
CTL0156,0.02261481,0.023546894
CTL0157,0.00702642,0.007079864
CTL0158,0.131543353,0.129646992
CTL0159,0.043869247,0.043512747
CTL0160,0.117248082,0.153853328
CTL0161,0.000476519,0.000415551
CTL0162,0.036326417,0.046138811
CTL0163,0.002692766,0.004291265
CTL0164,0.152834689,0.331816551
CTL0165,0.111026758,0.157236277
CTL0166,0.055693743,0.062731674
CTL0168,0.778541478,0.913272842
CTL0169,0.07137681,0.103414181
CTL0170,0.570926967,1
CTL0172,0.072834746,0.120194128
CTL0173,0.024117367,0.03187524
CTL0174,0.016729163,0.015763119
CTL0175,0.032635359,0.051677681
CTL0176,0.091071162,0.09556384
CTL0177,0.185100619,0.217351147
CTL0178,0.027706001,0.041999205
CTL0179,0.035768967,0.055617241
CTL0181,0.039161585,0.046525512
CTL0182,0.112700591,0.137224604
CTL0183,0.272712366,0.302969591
CTL0184,0.065915825,0.082997423
CTL0185,0.002233812,0.00230084
CTL0186,0.001541505,0.001180059
CTL0187,0.076045183,0.072541799
CTL0188,0.228336666,0.23684887
CTL0189,0.181506858,0.283809044
CTL0190,0.292660476,0.310770578
CTL0191,0.444313227,0.656433074
CTL0192,0.12675321,0.133326003
CTL0193,0.020665065,0.016484637
CTL0194,0.02038326,0.016166613
CTL0195,0.14443609,0.168394179
CTL0196,0.688770741,0.594202522
CTL0197,0.020598073,0.033112778
CTL0198,0.028405867,0.039669642
CTL0199,0.741259814,0.535181763
CTL0200,0.093838142,0.105970703
CTL0201,0.015847744,0.021951884
CTL0202,0.009634368,0.013266965
CTL0203,0.005809335,0.009870436
CTL0204,0.116832854,0.177678531
CTL0205,0.25900956,0.314852265
CTL0206,0.051836853,0.069357975
CTL0207,0.067065695,0.094948898
CTL0208,0.19192694,0.231466533
CTL0209,0.016963027,0.019653623
CTL0210,0.011124649,0.017451613
CTL0211,0.023971809,0.039747002
CTL0212,0.036478589,0.043878903
CTL0213,0.283759685,0.301996223
CTL0214,0.500539284,0.571737196
CTL0215,0.135886734,0.149421638
CTL0216,0.009370549,0.010909305
CTL0217,0.005920961,0.006857122
CTL0218,0.011097486,0.022835436
CTL0219,0.00037139,0.000514464
CTL0220,0.000382821,0.000347393
CTL0221,0.000900974,0.00114041
CTL0222,0.093862389,0.139843176
CTL0223,0.083403725,0.094378662
CTL0224,0.055636168,0.070553548
CTL0225,0.048967234,0.054549855
CTL0226,0.307715258,0.354046086
CTL0227,0.06049016,0.109440104
CTL0228,0.024576511,0.021517052
CTL0231,0.045059368,0.066154973
CTL0231A,0.000113812,0.000195238
CTL0231B,6.95475E-05,0.000206165
CTL0232,0.043088974,0.061229709
CTL0233,0.176634791,0.213508643
CTL0234,0.209070159,0.374295507
CTL0235,0.088580545,0.094076468
CTL0236,0.013368112,0.02518528
CTL0237,0.008279945,0.012042676
CTL0238,0.085719773,0.148505183
CTL0243,0.006482629,0.010420689
CTL0244,0.084757301,0.123170221
CTL0245,0.178360027,0.187374621
CTL0246,0.02051246,0.073322452
CTL0247,0.018179214,0.02815781
CTL0248,0.050081702,0.045378298
CTL0249,0.102217202,0.109029809
CTL0250,0.170832526,0.15384164
CTL0252,0.016308269,0.035915089
CTL0255,0.047269941,0.035311629
CTL0256,0.265929352,0.236561545
CTL0257,0.024845308,0.038284789
CTL0258,0.157568078,0.23955045
CTL0259,0.160003579,0.234675167
CTL0260,0.02557147,0.040576977
CTL0261,0.003190692,0.009779074
CTL0262,0.142337651,0.127107004
CTL0263,0.017427628,0.025111827
CTL0264,0.07561948,0.082736553
CTL0265,0.047021266,0.059839532
CTL0266,0.093032399,0.096132947
CTL0267,0.126813769,0.123863477
CTL0268,0.215116958,0.192323411
CTL0269,0.072489186,0.062611609
CTL0270,0.01981117,0.022531657
CTL0271,0.114740829,0.2045483
CTL0272,0.260192778,0.273961231
CTL0273,0.03521066,0.05334997
CTL0274,0.314047649,0.368207086
CTL0275,0.088414091,0.136757532
CTL0276,0.029152357,0.045830099
CTL0277,0.248789356,0.29428527
CTL0278,0.100609511,0.119001527
CTL0279,0.055013759,0.065548007
CTL0280,0.412017125,0.425234294
CTL0281,0.114915562,0.138477186
CTL0282,0.113254289,0.130329771
CTL0283,0.021188499,0.025656957
CTL0284,0.073952307,0.081974701
CTL0285,0.029256298,0.031990615
CTL0286,0.021558618,0.026694756
CTL0287,0.09667591,0.104905599
CTL0288,0.028768242,0.046380278
CTL0289,0.039455908,0.056814192
CTL0290,0.023367351,0.031678503
CTL0291,0.004924487,0.010192981
CTL0292,0.007791578,0.014729425
CTL0293,0.013462959,0.019237394
CTL0294,0.076842138,0.107181503
CTL0295,9.88253E-05,0.000108705
CTL0296,0.080592242,0.115760826
CTL0297,0.083571532,0.102506598
CTL0298,0.022232021,0.030214779
CTL0299,0.446946719,0.416820426
CTL0300,0.487082183,0.856369105
CTL0301,0.133680568,0.170162486
CTL0302,0.003797315,0.003309404
CTL0303,0.009732208,0.012512923
CTL0304,0.02824494,0.04011444
CTL0305,0.056079018,0.049440039
CTL0306,0.002614516,0.003080139
CTL0307,0.004747892,0.006739212
CTL0308,0.062156832,0.059912812
CTL0309,0.128635836,0.155953713
CTL0310,0.042567305,0.039182375
CTL0311,0.086538929,0.054364541
CTL0312,0.014183042,0.018701818
CTL0313,0.03318808,0.0677072
CTL0314,0.045817697,0.056428546
CTL0315,0.160804217,0.172241164
CTL0316,0.010527119,0.009006014
CTL0317,0.015651935,0.017105176
CTL0318,0.186817469,0.211550296
CTL0319,0.143631705,0.248541413
CTL0320,0.273538733,0.294746688
CTL0321,0.240215691,0.325398509
CTL0322,0.087627098,0.105668809
CTL0323,0.107750566,0.146914844
CTL0324,0.073298388,0.09288698
CTL0325,0.071808101,0.082526628
CTL0326,0.041069761,0.041906442
CTL0327,0.047068734,0.05369089
CTL0328,0.20250877,0.258540266
CTL0329,0.006508472,0.004695094
CTL0330,0.036082334,0.045348874
CTL0331,0.108308082,0.150104224
CTL0332,0.029416339,0.044892418
CTL0333,0.006135375,0.008897728
CTL0334,0.032686268,0.046520065
CTL0335,0.00102842,0.002198537
CTL0336,0.036516461,0.031880166
CTL0337,0.003074938,0.005694475
CTL0338,0.003847416,0.004917848
CTL0338A,0.001137355,0.001136498
CTL0339,0.014192829,0.017520567
CTL0340,0.07093279,0.093872172
CTL0341,0.116265939,0.183862911
CTL0342,0.004750305,0.004033535
CTL0343,0.002145567,0.002066561
CTL0344,0.066407363,0.058527519
CTL0345,0.105597357,0.11219522
CTL0346,0.022812923,0.023588248
CTL0347,0.037153658,0.04673514
CTL0348,0.020042055,0.023648416
CTL0349,0.101582748,0.092903794
CTL0350,0.032674848,0.04210053
CTL0351,0.322558877,0.417389906
CTL0352,0.135179771,0.158823311
CTL0353,0.470076726,0.684710068
CTL0354,0.074134966,0.09526284
CTL0355,0.011310363,0.012474247
CTL0356,0.017957739,0.019073916
CTL0357,0.026982894,0.026574404
CTL0358,0.023174092,0.025679227
CTL0359,0.063049615,0.093982596
CTL0360,0.009535467,0.033132154
CTL0361,0.003348128,0.007573415
CTL0362,0.013882284,0.021877543
CTL0363,0.02619238,0.036058506
CTL0364,0.0350192,0.051536779
CTL0366,0.194132709,0.457625441
CTL0367,0.149944028,0.20195727
CTL0368,0.277376369,0.296767118
CTL0369,0.082229944,0.0643134
CTL0370,0.251614137,0.303295333
CTL0371,0.034495511,0.049394554
CTL0372,0.106997104,0.130526942
CTL0373,0.047153939,0.080363662
CTL0374,0.001285923,0.00125617
CTL0375,0.000316636,0.000337871
CTL0376,0.048762044,0.059385498
CTL0377,0.074015521,0.118875578
CTL0378,0.026474788,0.034223234
CTL0379,0.093842937,0.10463097
CTL0380,0.194861248,0.30201567
CTL0381,0.145961111,0.252041865
CTL0382,0.0133082,0.016960957
CTL0383,0.035921299,0.045698212
CTL0384,0.021317473,0.043349861
CTL0385,0.04440196,0.077760823
CTL0386,0.007262999,0.009799426
CTL0387,0.001487629,0.002649273
CTL0388,0.015727977,0.023105003
CTL0389,0.050956583,0.080467915
CTL0390,0.049850395,0.094195127
CTL0391,0.098876081,0.108306969
CTL0392,0.031232186,0.035842706
CTL0393,0.035388952,0.037604817
CTL0394,0.022487091,0.040884863
CTL0395,0.038879303,0.037692831
CTL0396,0.042794216,0.059041867
CTL0397,0.077766463,0.0567032
CTL0398,0.017745093,0.013595364
CTL0399,0.10160985,0.062518685
CTL0400,0.091777412,0.114855667
CTL0401,0.035445834,0.0415442
CTL0402,0.260861329,0.414076195
CTL0403,0.090541817,0.107950995
CTL0404,0.010364953,0.01360365
CTL0405,0.062598613,0.092285101
CTL0406,0.214103515,0.278366036
CTL0407,0.014282445,0.018040548
CTL0408,0.062329409,0.128632642
CTL0409,0.001296676,0.002037131
CTL0411,0.001084349,0.001533453
CTL0413,0.000907996,0.001251775
CTL0414,0.000287827,0.000449121
CTL0415,0.000555711,0.000687899
CTL0417,0.001565095,0.001914825
CTL0418,6.54611E-05,7.92E-05
CTL0419,0.040114909,0.040130295
CTL0419A,0.00896224,0.008669052
CTL0420,0.029609205,0.041463508
CTL0421,0.018543727,0.021164767
CTL0422,0.276451529,0.236871316
CTL0425,0.007633786,0.009406686
CTL0426,0.000868791,0.0007229
CTL0426A,0.00029903,0.000321029
CTL0427,0.029299132,0.036702961
CTL0428,0.002333109,0.001665958
CTL0429,0.012533349,0.010677882
CTL0430,0.006521944,0.004941025
CTL0431,0.029439639,0.026302407
CTL0432,0.179032598,0.181423943
CTL0433,0.005199546,0.005100301
CTL0434,0.096236472,0.125726779
CTL0435,0.017180906,0.028273654
CTL0436,0.004284176,0.007401203
CTL0437,0.20047757,0.263678719
CTL0438,0.090062992,0.092562894
CTL0439,0.02521894,0.028957638
CTL0440,0.197788844,0.147017504
CTL0441,0.170058002,0.191135327
CTL0442,0.245020652,0.288360004
CTL0443,0.048993029,0.048311125
CTL0444,0.014864495,0.024847488
CTL0445,0.030716658,0.044382069
CTL0446,0.2681821,0.13611423
CTL0447,0.0231586,0.03574257
CTL0448,0.000789263,0.002705447
CTL0449,0.028467635,0.051960059
CTL0450,0.068483695,0.103198004
CTL0451,0.035321772,0.034719681
CTL0452,0.017851991,0.02238313
CTL0453,0.016674412,0.020483017
CTL0454,0.009042516,0.00985085
CTL0455,0.036587616,0.032407086
CTL0456,0.069010999,0.076603314
CTL0457,0.032922219,0.037065257
CTL0458,0.016549557,0.022931106
CTL0459,0.026828283,0.027300649
CTL0460,0.0449789,0.050003156
CTL0461,0.262144332,0.34163085
CTL0462,0.072534008,0.09273632
CTL0463,0.017276636,0.019105557
CTL0464,0.00798891,0.010333463
CTL0465,0.037448052,0.04947563
CTL0466,0.039360934,0.059581067
CTL0467,0.160840951,0.223748032
CTL0468,0.074986642,0.106005446
CTL0469,0.030507846,0.058311735
CTL0470,0.02027759,0.023845168
CTL0471,0.002034459,0.003756224
CTL0472,0.005214333,0.00994063
CTL0473,0.163471143,0.224291899
CTL0474,0.00334642,0.003499939
CTL0475,0.014022028,0.01607069
CTL0476,0.137805943,0.155145006
CTL0477,0.005215256,0.006112901
CTL0477A,0.029723172,0.030159096
CTL0478,0.010597669,0.013196973
CTL0479,0.006894166,0.012305489
CTL0480,0.022390844,0.090243935
CTL0481,0.00920785,0.031202878
CTL0482,0.023578245,0.056998183
CTL0483,0.03543274,0.049099936
CTL0484,0.053361365,0.137854007
CTL0485,0.021594549,0.051688773
CTL0486,0.058992491,0.089966341
CTL0487,0.012378817,0.020556417
CTL0488,0.092092106,0.094451606
CTL0489,0.088165563,0.100032241
CTL0490,0.039638315,0.049621452
CTL0491,0.11430524,0.128516814
CTL0492,0.00990956,0.015693261
CTL0493,0.490980287,0.519214497
CTL0494,0.063894264,0.070772922
CTL0495,0.108358589,0.111427073
CTL0496,0.013056738,0.012932989
CTL0497,0.031323362,0.032410973
CTL0498,0.021433107,0.024659641
CTL0499,0.039463101,0.039247369
CTL0500,0.081596699,0.063751448
CTL0500A,0.009196795,0.017893973
CTL0501,0.068106047,0.065342337
CTL0503,0.584388349,0.504080093
CTL0504,0.030242925,0.030220045
CTL0505,0.217185341,0.179727012
CTL0506,0.076772601,0.06741411
CTL0507,0.049995552,0.046222665
CTL0508,0.019177896,0.020239916
CTL0509,0.013996675,0.015087721
CTL0510,0.043999026,0.043849884
CTL0511,0.078504975,0.064095044
CTL0512,0.030642877,0.054444985
CTL0513,0.031847747,0.046550762
CTL0514,0.014843168,0.017581872
CTL0515,0.007807828,0.009621798
CTL0516,0.078317886,0.080799488
CTL0517,0.041871123,0.050165591
CTL0518,0.074299265,0.069189783
CTL0519,0.163902133,0.126083005
CTL0520,0.089535347,0.105850484
CTL0521,0.250678258,0.223320159
CTL0522,0.024805134,0.031499259
CTL0523,0.011864684,0.012105856
CTL0524,0.033901997,0.048230351
CTL0525,0.017030057,0.022523525
CTL0526,0.009131554,0.012368208
CTL0527,0.236556761,0.249732902
CTL0528,0.092531002,0.083424109
CTL0529,0.036488122,0.045367192
CTL0530,0.102415942,0.110160693
CTL0531,0.028424497,0.032067506
CTL0532,0.014261082,0.014450193
CTL0533,0.01472529,0.014680081
CTL0534,0.01959418,0.020730524
CTL0535,0.245914547,0.218100782
CTL0536,0.020752607,0.041857897
CTL0537,0.015868076,0.036931467
CTL0538,0.184389874,0.210929288
CTL0539,0.052140225,0.077773918
CTL0540,0.037623702,0.068031754
CTL0541,0.227877429,0.207522352
CTL0542,0.057938397,0.058455189
CTL0543,0.031749059,0.03012427
CTL0544,0.154367947,0.137844476
CTL0545,0.104416282,0.12689563
CTL0546,0.131875382,0.141610159
CTL0547,0.291194449,0.248556724
CTL0548,0.18597736,0.228597161
CTL0549,0.011813968,0.015298034
CTL0550,0.025030607,0.032911559
CTL0551,0.048702073,0.042520807
CTL0552,0.008622113,0.018003959
CTL0553,0.0291379,0.040979251
CTL0554,0.201899611,0.262702304
CTL0555,0.022122419,0.02585221
CTL0556,0.012433643,0.014950211
CTL0557,0.113204519,0.112237925
CTL0558,0.079459878,0.09497772
CTL0559,0.054091535,0.062891526
CTL0560,0.088200092,0.116643747
CTL0561,0.048307985,0.060125404
CTL0562,0.27597519,0.297676889
CTL0563,0.047900454,0.062412165
CTL0564,0.042284145,0.047843928
CTL0565,0.410799793,0.364582287
CTL0566,0.575131679,0.622222715
CTL0567,0.425275832,0.466148672
CTL0568,0.274047393,0.32768307
CTL0569,0.172715078,0.217467471
CTL0570,0.18704837,0.242652081
CTL0571,0.253541358,0.300879172
CTL0572,0.166905439,0.174003325
CTL0573,0.058325541,0.063057914
CTL0574,0.433111435,0.623922045
CTL0575,0.103904706,0.113266497
CTL0576,0.086837173,0.112653717
CTL0577,0.005600098,0.007212323
CTL0578,0.031574736,0.036438008
CTL0580,0.013869708,0.019976534
CTL0581,0.119345373,0.149064505
CTL0582,0.029388604,0.042710049
CTL0583,0.037483306,0.041854271
CTL0583A,0.073276943,0.091507556
CTL0584,0.042562193,0.058873973
CTL0585,0.080501418,0.12165453
CTL0586,0.077772002,0.106490969
CTL0587,0.043168345,0.066516439
CTL0588,0.076652128,0.120606961
CTL0589,0.005788862,0.010098243
CTL0590,0.1022806,0.107320795
CTL0591,0.032360442,0.031769895
CTL0592,0.009404373,0.010365533
CTL0592A,0.013759624,0.013648548
CTL0593,0.010569398,0.020205768
CTL0594,0.14213299,0.179841323
CTL0595,0.100840801,0.151555552
CTL0596,0.056375089,0.088685666
CTL0597,0.069752045,0.089726833
CTL0598,0.159923841,0.209734348
CTL0599,0.001732958,0.002960975
CTL0600,0.050577553,0.061366499
CTL0601,0.002320271,0.003050723
CTL0602,0.409206211,0.482494888
CTL0603,0.087456225,0.084517781
CTL0604,0.043014045,0.045773835
CTL0605,0.080247387,0.087904258
CTL0606,0.195640656,0.29742078
CTL0607,0.152095518,0.18267228
CTL0608,0.040383678,0.045713544
CTL0609,0.440873163,0.437024676
CTL0610,0.01727936,0.013959314
CTL0611A,0.008777623,0.024337262
CTL0612,0.006264686,0.019425337
CTL0613,0.370990067,0.30791248
CTL0614,0.031442009,0.033748477
CTL0615,0.681818034,0.766536589
CTL0616,0.129601632,0.198434136
CTL0617,0.144089629,0.141649397
CTL0618,0.206864727,0.277264726
CTL0619,0.025571856,0.028549162
CTL0620,0.033328913,0.055731806
CTL0621,0.006988575,0.016780598
CTL0622,0.011947215,0.021513063
CTL0623,0.005219956,0.007044556
CTL0624,0.006188901,0.007838001
CTL0625,0.015892524,0.020480175
CTL0626,0.076169924,0.068299671
CTL0627,0.017233184,0.016131165
CTL0628,0.007009191,0.006941913
CTL0629,0.049298512,0.074053452
CTL0630,0.101895597,0.120615905
CTL0631,0.023401765,0.022111845
CTL0633,0.108750376,0.107916829
CTL0634,0.136949911,0.121192708
CTL0635,0.032032597,0.041742268
CTL0636,0.113589376,0.130427656
CTL0637,0.041957915,0.055980499
CTL0638,0.037186405,0.031593595
CTL0639,0.01914902,0.034376864
CTL0640,0.029517174,0.035242486
CTL0641,0.053472455,0.06141482
CTL0642,0.142941981,0.164909564
CTL0643,0.036843905,0.044710674
CTL0644,0.075354427,0.089366673
CTL0645,0.028405197,0.028756493
CTL0646,0.035879579,0.056450275
CTL0647,0.012477842,0.019786404
CTL0648,0.002373989,0.00209594
CTL0649,0.170986826,0.235100923
CTL0650,0.043798044,0.084290049
CTL0651,0.020227614,0.034285081
CTL0652,0.19166421,0.374167943
CTL0654,0.309080755,0.356416626
CTL0655,0.240129344,0.243336908
CTL0656,0.109052567,0.104001931
CTL0657,0.05391548,0.053254833
CTL0658,0.05145782,0.050554969
CTL0659,0.3936304,0.314203027
CTL0660,0.114198868,0.067203622
CTL0661,0.061424085,0.0597652
CTL0662,0.109799483,0.100943181
CTL0663,0.06453104,0.068156382
CTL0664,0.05055419,0.053787798
CTL0665,0.0332503,0.037333151
CTL0666,0.071161668,0.095846719
CTL0667,0.05425846,0.063477264
CTL0668,0.039616033,0.048134562
CTL0669,0.050982901,0.095183869
CTL0670,0.115209833,0.10753939
CTL0672,0.034851322,0.06432401
CTL0673,0.012352311,0.018778372
CTL0674,0.010515076,0.01881427
CTL0675,0.036648136,0.043104376
CTL0676,0.427975538,0.447352309
CTL0677,0.211453675,0.245644417
CTL0678,0.071233195,0.072150938
CTL0679,0.140426502,0.164125695
CTL0680,0.071998345,0.09703201
CTL0681,0.019323014,0.024634231
CTL0682,0.018250058,0.021206372
CTL0683,0.020987399,0.020526064
CTL0684,0.200421381,0.215525743
CTL0685,0.027109089,0.034354082
CTL0686,0.009669559,0.014384532
CTL0687,0.00240055,0.003964098
CTL0688,0.457945611,0.476017472
CTL0689,0.103348392,0.12036028
CTL0690,0.086225838,0.096503925
CTL0691,0.246849168,0.293577941
CTL0692,0.000267179,0.000399254
CTL0693,0.012414398,0.013951453
CTL0694,0.063693941,0.081459516
CTL0695,0.20954127,0.263637169
CTL0696,0.645943626,0.723962197
CTL0697,0.619716883,0.659889986
CTL0698,0.155869669,0.206380845
CTL0699,0.00426385,0.017000117
CTL0700,0.005930897,0.008200527
CTL0701,0.135532059,0.104053984
CTL0704,0.002157875,0.001928844
CTL0705,0.311418831,0.388199835
CTL0706,0.169409564,0.305786486
CTL0707,0.127715576,0.118987836
CTL0708,0.360018141,0.318695192
CTL0709,0.0207466,0.038125387
CTL0710,0.071176569,0.104947787
CTL0711,0.025456171,0.037204938
CTL0712,0.013021001,0.021662114
CTL0713,0.024183277,0.039190755
CTL0714,0.039607984,0.05474884
CTL0715,0.17277725,0.187997964
CTL0716,0.014745571,0.013599607
CTL0717,0.087793936,0.117757927
CTL0718,0.017575163,0.019897124
CTL0719,0.029156029,0.04373526
CTL0720,0.166829811,0.20917528
CTL0721,0.101007712,0.130670923
CTL0722,0.030926482,0.040408118
CTL0723,0.007927504,0.010050293
CTL0724,0.032641948,0.029673814
CTL0725,0.000561914,0.001387236
CTL0726,0.046275118,0.051211031
CTL0727,0.02218321,0.019657608
CTL0728,0.006785682,0.006242886
CTL0729,0.002782381,0.006508401
CTL0730,0.00691626,0.012667469
CTL0731,0.033137224,0.029152923
CTL0733,0.044991393,0.065710695
CTL0734,0.014007872,0.025674206
CTL0735,0.008276396,0.009066326
CTL0736,0.211553874,0.307615416
CTL0737,0.172940752,0.192321807
CTL0738,0.01312591,0.01545264
CTL0739,0.075293967,0.081790233
CTL0740,0.118003267,0.106636506
CTL0741,0.128188509,0.144697924
CTL0742,0.005944717,0.006641475
CTL0743,0.046278419,0.048080632
CTL0744,0.009747099,0.016079193
CTL0745,0.055880401,0.062756642
CTL0746,0.038814648,0.041675051
CTL0747,0.082393663,0.084817911
CTL0748,0.013848078,0.017855495
CTL0749,0.044245568,0.056296069
CTL0750,0.022714864,0.021066072
CTL0751,0.0031694,0.002708226
CTL0752,0.202499078,0.216433626
CTL0753,0.218659046,0.197483668
CTL0754,0.083630133,0.093454583
CTL0755,0.020633977,0.024393593
CTL0756,0.090766491,0.17978936
CTL0757,0.346389086,0.314136955
CTL0758,0.000493754,0.000617703
CTL0759,0.086610402,0.104426247
CTL0760,0.359048983,0.389590718
CTL0761,0.011020448,0.015294012
CTL0763,0.011401062,0.013081886
CTL0764,0.024932761,0.027123257
CTL0765,0.050997188,0.045578142
CTL0766,0.193422519,0.21799045
CTL0767,0.393310153,0.43645879
CTL0768,0.046024757,0.058711912
CTL0769,0.228941376,0.293266522
CTL0770,0.091778348,0.121542846
CTL0771,0.148441816,0.206545822
CTL0772,0.170934393,0.223296766
CTL0773,0.059380786,0.089657031
CTL0774,0.068266583,0.092692735
CTL0775,0.061065868,0.081323183
CTL0776,0.034725369,0.055647976
CTL0777,0.026267988,0.040908356
CTL0778,0.036587338,0.04884696
CTL0779,0.030052904,0.034278264
CTL0780,0.034251025,0.042531862
CTL0781,0.047863558,0.055571994
CTL0782,0.005042208,0.006573602
CTL0783,0.058937926,0.065602108
CTL0784,0.031112086,0.042758268
CTL0785,0.030500392,0.041971521
CTL0786,0.034439943,0.045696878
CTL0787,0.158852913,0.21696553
CTL0788,0.02071074,0.029186173
CTL0789,0.120223189,0.179142576
CTL0790,0.10437052,0.171388845
CTL0791,0.111722806,0.254359401
CTL0792,0.031384967,0.037329336
CTL0793,0.092159362,0.121931877
CTL0794,0.024374759,0.022878454
CTL0795,0.121411937,0.117403678
CTL0796,0.068119712,0.069397143
CTL0797,0.075593284,0.071122157
CTL0798,0.037010275,0.046133927
CTL0799,0.051816818,0.056164316
CTL0800,0.307982049,0.295095416
CTL0801,0.128302457,0.18006039
CTL0802,0.078050863,0.096218339
CTL0803,0.178918634,0.229983618
CTL0804,0.710227497,0.604029532
CTL0805,0.186516869,0.224000179
CTL0806,0.642890149,0.605278456
CTL0807,0.086605306,0.097911254
CTL0808,0.013765966,0.011448246
CTL0809,0.043513698,0.066524889
CTL0810,0.009943289,0.017715527
CTL0811,0.032996359,0.043737965
CTL0812,0.019693352,0.014518304
CTL0813,0.067449055,0.098369438
CTL0814,0.002084776,0.005965028
CTL0815,0.007937354,0.017894341
CTL0817,0.14020048,0.201729979
CTL0818,0.0251591,0.030717228
CTL0819,0.552667308,0.489790976
CTL0820,0.238832035,0.296593772
CTL0821,0.036523025,0.051214801
CTL0822,0.219792641,0.251314679
CTL0823,0.030183885,0.034036224
CTL0824,0.026641628,0.029731258
CTL0825,0.010164053,0.01141962
CTL0826,0.012916843,0.012094372
CTL0827,0.01347524,0.013992806
CTL0829,0.014931303,0.019969532
CTL0830,0.008672136,0.01343214
CTL0831,0.007854019,0.012292415
CTL0832,0.011335913,0.018544689
CTL0833,0.011757544,0.01945415
CTL0834,0.023925227,0.036170485
CTL0835,0.074315299,0.107604837
CTL0836,0.036127237,0.053050435
CTL0837,0.026191577,0.035817312
CTL0838,0.032457999,0.046302723
CTL0839,0.002479066,0.002439002
CTL0840,0.00042928,0.000397083
CTL0841,0.005806627,0.005787268
CTL0842,0.004696736,0.005247182
CTL0843,0.028077055,0.047661398
CTL0844,0.256591618,0.33668161
CTL0845,0.068727068,0.0824341
CTL0846,0.031620278,0.039304431
CTL0847,0.076413693,0.133594359
CTL0848,0.248016867,0.387741242
CTL0849,0.040786184,0.052012811
CTL0850,0.098841985,0.150891238
CTL0851,0.018136233,0.020635251
CTL0852,0.003341443,0.003618576
CTL0853,0.048587417,0.041138871
CTL0854,0.021753553,0.018152799
CTL0855,0.017770336,0.016735488
CTL0856,0.016515428,0.018059349
CTL0858,0.025814801,0.033428569
CTL0859,0.066780118,0.059602663
CTL0860,0.018960859,0.024064347
CTL0861,0.001761746,0.003118386
CTL0861A,0.000774068,0.001532044
CTL0862,0.047210614,0.081068537
CTL0863,0.093687424,0.117003472
CTL0864,0.036334602,0.042564267
CTL0865,0.020909107,0.021618502
CTL0866,0.425751816,0.525324743
CTL0867,0.041584108,0.037491554
CTL0868,0.039127842,0.046451614
CTL0869,0.042018159,0.046304883
CTL0870,0.011033336,0.012703237
CTL0871,0.020314026,0.032537449
CTL0872,0.188025931,0.270892494
CTL0873,0.010180716,0.012470974
CTL0875,0.164128563,0.238183264
CTL0876,0.115943364,0.143687268
CTL0877,0.521674781,0.658360741
CTL0878,0.054917132,0.057752829
CTL0879,0.298591108,0.397688873
CTL0880,0.05499468,0.065165254
CTL0881,0.222955716,0.302447723
CTL0882,0.103843379,0.187900022
CTL0883,0.023866945,0.022234064
CTL0884,0.034147469,0.040471424
CTL0885,0.085013078,0.062881908
CTL0886,0.018527273,0.016834248
CTL0887,0.594245453,0.735092245
CTL0888,0.130461437,0.154461396
CTL0889,0.106484083,0.122407979
CTL0890,0.244141585,0.314283024
CTL0891,0.097436589,0.127362974
CTL0892,0.077840078,0.083544003
CTL0893,0.074177509,0.080290402
CTL0894,0.025118276,0.019337186
CTL0895,0.174547015,0.207798169
CTL0897,0.2073517,0.230969856
