,TRP16,TRP24,BPD16,BPD24
CTL0001,11337.07247,12637.37375,13172.34499,13000.12377
CTL0002,51430.38124,28932.26368,40672.54768,34920.73249
CTL0003,2467.77086,2560.483281,7536.085154,2800.42848
CTL0004,58988.53733,59608.36421,51973.72189,62488.44068
CTL0005,26452.14279,20453.37286,26990.97266,26538.54756
CTL0006,5024.569069,5393.113789,6498.534479,6070.756246
CTL0007,2922.284625,3402.426252,4278.448356,3836.711462
CTL0008,3559.797928,3844.689747,3579.786436,3476.716917
CTL0009,92947.04224,58754.58452,51192.55456,49682.59832
CTL0010,7301.113528,5077.708892,6076.972,4313.310626
CTL0011,46790.64973,29350.93294,31718.85091,23565.21128
CTL0012,4120.967484,5665.592889,3483.190138,4184.989371
CTL0013,3677.767981,3925.715663,1720.928894,2255.633496
CTL0014,11292.66471,12305.93531,14528.76854,12660.12325
CTL0015,2033.827079,2590.083697,2852.972014,2772.949358
CTL0016,4337.231087,4774.470658,8300.909967,9225.101232
CTL0017,1257.539888,1339.473132,2310.974101,1682.835159
CTL0018,20757.35237,32032.39532,26708.38385,35897.90862
CTL0019,4574.769469,4393.065934,4518.59151,4786.729955
CTL0020,36116.23908,26721.99111,30608.07654,32871.83649
CTL0021,841.8057036,806.0038968,1045.755289,766.5312206
CTL0022,4863.389821,5450.484586,5407.301538,5453.438514
CTL0023,4614.065964,4841.815362,5727.690277,6022.474634
CTL0024,24589.30466,22871.6247,19515.03903,19964.26367
CTL0025,5612.889303,4684.833076,5788.560545,5211.752227
CTL0026,3342.385514,2678.970484,3112.552539,2850.67983
CTL0027,5434.253198,5840.602555,5438.918548,4064.676503
CTL0028,16248.10087,11236.83581,16061.46128,9341.91021
CTL0029,3085.309781,4946.242064,2513.850098,2694.68115
CTL0030,4310.618426,8935.686098,3636.836421,5034.157545
CTL0031,6011.36656,5024.816266,5723.963601,7362.725394
CTL0032,8753.810784,6715.582306,8054.428367,5206.873843
CTL0033,37967.62207,29809.41614,28363.84529,20407.91538
CTL0034,11040.87664,8899.816126,14467.41606,8321.927171
CTL0035,10047.47869,7973.509974,10427.02684,7163.133196
CTL0036,13822.60573,10748.53115,13770.85877,10188.30191
CTL0037,6822.218315,5307.375895,5422.323752,4129.382891
CTL0038,11630.93324,9080.766927,11190.77524,8382.804277
CTL0039,11976.05759,6947.514564,13433.68445,7915.783943
CTL0040,15495.52805,12298.15661,15471.0618,10968.58532
CTL0041,11479.05889,8548.02171,9797.177591,6789.941811
CTL0042,10686.85507,8103.482072,11851.23443,6875.694246
CTL0043,66914.52274,59331.65034,78568.26249,46767.17807
CTL0044,3600.422363,2200.633922,2263.611545,817.5572281
CTL0045,2677.396508,2987.425532,2389.301767,1904.034204
CTL0046,31143.80592,23853.37894,37968.55647,43277.7826
CTL0047,57966.17168,57843.12285,66587.12153,79863.00353
CTL0048,28656.19058,30314.32872,27758.70685,33882.21008
CTL0049,130556.3132,122042.4512,89843.57788,107211.0475
CTL0050,408553.1834,355080.0193,590567.5167,347408.8566
CTL0051,17025.08834,14092.37384,28006.78085,21359.1454
CTL0052,2911.869722,2012.55882,4391.593113,2652.566044
CTL0053,28460.15429,26848.71257,16405.0909,21257.69238
CTL0054,9923.160399,8211.879333,5991.342542,8878.030165
CTL0055,10903.31358,12411.07652,8982.856577,10735.8748
CTL0056,204369.1201,123345.016,135123.6421,157174.072
CTL0057,27045.31505,22541.03175,23636.18226,25685.80211
CTL0058,8039.085541,7076.818151,10632.28938,15133.80701
CTL0059,32497.50914,19646.25407,20037.47641,21980.37
CTL0060,173957.9452,123187.3853,86594.32123,86221.83891
CTL0061,41637.63451,42178.10945,23553.11066,23237.38173
CTL0062,15377.06827,11513.8889,23320.59209,9274.356818
CTL0063,1573.640526,1231.710717,2392.563977,672.6677543
CTL0064,4246.633649,3945.162098,4984.198221,4471.598507
CTL0065,7823.717091,5415.810753,7087.536996,3868.676299
CTL0066,430.9845572,743.6205451,508.2617253,760.9336019
CTL0067,7034.026513,9309.576264,7965.646201,7243.696048
CTL0068,4093.505337,5758.024438,3800.585854,4126.283232
CTL0069,24716.22048,17350.58495,18845.63171,19715.56227
CTL0070,98628.5293,83788.67865,77868.75479,77717.99793
CTL0071,15713.61199,13340.76526,61391.12935,9956.927903
CTL0072,15195.29462,19905.00113,19424.5598,21488.9542
CTL0073,16475.19352,14941.37892,14698.86361,15999.37447
CTL0074,35945.58647,32266.41303,35045.1115,39149.93249
CTL0075,106597.5289,83499.63962,109628.8309,91901.25036
CTL0076,50808.14392,44223.62192,50722.36343,57509.20823
CTL0077,67815.30332,48136.04309,84749.51504,74497.97092
CTL0078,28007.8237,22549.66103,29637.23247,24015.10212
CTL0079,19627.27092,18155.64578,14477.79674,16619.07078
CTL0080,6923.404199,5409.666854,12556.37053,4300.960091
CTL0081,2582.394635,1788.193225,4757.63496,1639.010467
CTL0082,16992.00159,12614.36752,32993.94726,7664.785159
CTL0083,5910.159823,5708.323082,5336.192728,5901.872831
CTL0084,1918.04541,2823.716301,1946.482098,2341.661152
CTL0085,671.9550681,619.1279959,1714.697407,306.7027203
CTL0086,303.4190398,300.7458347,458.0199815,214.5387563
CTL0087,2032.952279,1501.162863,2198.193298,797.9171926
CTL0088,3877.264965,3310.418031,2604.166478,1598.46479
CTL0089,2378.311704,3179.224354,2191.737614,2347.17306
CTL0090,8640.378012,9486.462525,7045.041133,6266.640803
CTL0091,4392.656911,5379.810209,3482.101253,3650.01563
CTL0092,29639.23426,28282.93552,24570.89709,28125.33357
CTL0093,3423.491987,2761.808057,2126.43425,2205.269654
CTL0094,4107.487062,4228.380716,3066.455959,3088.22182
CTL0095,5392.281482,4959.72036,7914.609976,6819.966921
CTL0096,17605.63355,19079.41264,22437.71955,27747.51491
CTL0097,8818.236601,8114.274407,8891.350149,9268.451572
CTL0098,15118.54927,14519.44529,12966.16628,16160.50616
CTL0099,6172.433589,6823.69351,5213.040337,6600.853659
CTL0100,23929.15593,25874.3915,23717.68554,28750.34721
CTL0101,6096.732276,6820.922837,8507.358484,10320.73666
CTL0102,12186.08427,12454.22425,14899.68914,12902.4679
CTL0103,78458.6687,68763.19512,56973.83977,47034.09083
CTL0104,26588.31259,28806.86978,28545.88606,20621.86227
CTL0105,20484.60759,18970.76855,17722.28696,16914.39239
CTL0106,4510.514401,3776.227363,4004.023814,2458.807573
CTL0107,4923.257466,4802.193328,4461.324263,4123.563849
CTL0108,21450.84198,19928.57361,15070.84126,14214.25427
CTL0109,27689.27676,18583.44143,21475.71216,18217.70472
CTL0110,41132.58234,38297.22191,38849.37826,48738.20243
CTL0111,3219.852882,3984.486715,2763.486182,2694.786667
CTL0112,26865.62323,13564.67823,62214.3498,4354.986643
CTL0113,4675.883084,4095.7597,5200.097251,4222.674719
CTL0114,4333.10454,5168.36188,5897.30513,6817.449337
CTL0115,6115.018736,7954.768903,7288.41831,8945.233948
CTL0116,6608.332437,6481.224632,8662.810237,8577.383783
CTL0117,34119.52004,32893.91142,39561.58615,40451.43895
CTL0118,30387.48377,31745.50482,26462.64406,36614.65655
CTL0119,48830.43599,58825.88869,35047.29403,38928.02354
CTL0120,12469.89253,13778.26816,9931.520992,11886.14637
CTL0121,27492.03579,43193.51642,31637.53081,40005.29961
CTL0122,396.4493691,502.9337184,574.1754765,663.5578925
CTL0123,917.2302319,1214.42569,1046.547537,1159.220678
CTL0124,19302.05942,16207.37347,15705.63736,13822.20758
CTL0125,3563.359404,3491.88141,4342.145929,4856.605855
CTL0126,4048.325117,3102.552947,3836.388909,4035.713547
CTL0127,29776.66859,25746.83961,30206.95309,24685.74496
CTL0128,10812.14665,9486.51848,10745.97826,10027.60065
CTL0129,7409.13802,5703.104111,8469.694812,7085.211485
CTL0130,1367.203028,1184.909398,1780.711263,1519.699125
CTL0131,27924.93625,23715.93131,26753.04579,26753.80889
CTL0132,31832.26552,21855.39312,34389.26467,35775.83655
CTL0133,523.1513002,671.7975938,639.8900086,886.9468794
CTL0134,565.5160232,513.9975655,854.1753999,671.0050158
CTL0135,8262.988278,8314.603317,7336.5659,8079.666605
CTL0136,3299.313213,2889.583399,2654.080033,2646.405109
CTL0137,105496.9755,97355.24296,64658.64261,75561.53799
CTL0138,43386.3422,32300.13232,37158.59221,36046.34782
CTL0139,43078.9001,38021.76448,38091.12698,37996.00194
CTL0140,36312.6218,32217.36831,21805.19705,21567.62279
CTL0141,15115.51305,16794.06545,23991.06088,25785.33375
CTL0142,53054.36214,31215.10532,36267.93187,39497.0467
CTL0143,2059.547887,2286.203476,1599.185879,1896.562585
CTL0144,15977.99944,14617.4755,16328.57317,15214.42399
CTL0145,14931.3547,14125.54858,16032.27,15439.1294
CTL0146,20708.81062,17034.09206,21944.52625,19338.1815
CTL0147,1974.691152,2724.311836,2609.235947,3332.896258
CTL0148,66.79132109,115.5292762,76.87343435,82.2473892
CTL0149,4626.434261,4359.319194,5473.763975,4065.363368
CTL0150,9526.389751,11889.23493,10918.02815,12131.42672
CTL0151,38993.78751,38290.21432,19715.54967,35677.16874
CTL0152,38727.26279,22873.32485,40011.87829,20446.5065
CTL0153,33661.05744,31963.27078,31930.51953,33737.73966
CTL0153A,2139.937005,2149.58253,1996.779922,2080.097496
CTL0154,24890.68907,24088.12326,20000.63895,22002.43292
CTL0155,35599.96137,36875.15084,29424.22208,32328.80684
CTL0156,4621.768741,3867.307596,4165.540047,3722.111319
CTL0157,1435.983365,1162.786484,1683.069805,1515.108532
CTL0158,26883.3994,21293.0332,35493.34238,30510.81656
CTL0159,8965.519507,7146.470259,8904.97584,5480.136459
CTL0160,23961.88745,25268.6466,25680.59132,29607.54133
CTL0161,97.38583506,68.24945238,80.62531897,76.56759139
CTL0162,7423.997926,7577.771117,7404.399164,7946.17263
CTL0163,550.3182385,704.7911261,791.7697302,994.5604256
CTL0164,31234.69098,54497.06724,49105.3243,71114.93345
CTL0165,22690.44087,25824.25727,21905.34395,27612.91034
CTL0166,11382.08133,10302.9588,9944.451273,9025.452227
CTL0167,50627.51844,38111.81987,447918.8012,25591.14746
CTL0168,159109.8368,149994.602,115531.0331,134619.1425
CTL0169,14587.21589,16984.59461,12729.07788,14512.57503
CTL0170,116679.8419,164238.5442,93917.29873,104452.6091
CTL0171,743665.0757,532099.2801,449393.6668,701415.6481
CTL0172,14885.17298,19740.50857,10955.54763,14899.14614
CTL0173,4928.845121,5235.143052,2573.555636,2363.379636
CTL0174,3418.924413,2588.911638,4198.279719,2602.445905
CTL0175,6669.659645,8487.467094,11151.53702,11795.57169
CTL0176,18612.13319,15695.26601,15741.76728,18377.48406
CTL0177,37828.85061,35697.43602,38400.22552,44779.25685
CTL0178,5662.251112,6897.888277,6841.047585,9287.273198
CTL0179,7310.072383,9134.494627,6529.416582,7331.746089
CTL0181,8003.418695,7641.28228,6172.754968,6906.422316
CTL0182,23032.52064,22537.56915,19027.46551,20666.92479
CTL0183,55733.98623,49759.2845,62612.23911,74095.83569
CTL0184,13471.15911,13631.37586,7571.151577,6343.712447
CTL0185,456.5221281,377.8865788,990.9542575,271.0942552
CTL0186,315.0359236,193.8111061,706.6362337,248.3872384
CTL0187,15541.28721,11914.15945,16812.07655,16068.15498
CTL0188,46664.96346,38899.71365,44050.95117,50721.16956
CTL0189,37094.39688,46612.38424,22869.61886,27251.50693
CTL0190,59810.76391,51040.50728,36774.01502,57642.61153
CTL0191,90803.90315,107811.6124,59109.10125,52613.04635
CTL0192,25904.44204,21897.26864,32399.99332,31853.03234
CTL0193,4223.301144,2707.41277,5093.383908,1554.69954
CTL0194,4165.708938,2655.181012,3543.294169,1804.852967
CTL0195,29518.27665,27656.81476,36347.64235,33721.83079
CTL0196,140763.4702,97590.95715,111687.7917,108942.6664
CTL0197,4209.609997,5438.394487,6043.754752,6916.593456
CTL0198,5805.282124,6515.284286,7723.984164,7286.682555
CTL0199,151490.616,87897.47361,158079.5716,67599.36085
CTL0200,19177.61845,17404.47406,21411.74933,11953.23495
CTL0201,3238.789505,3605.345454,2060.528306,2351.847898
CTL0202,1968.967334,2178.946954,1594.060067,1754.914987
CTL0203,1187.248759,1621.105976,1598.436867,1845.119252
CTL0204,23877.02748,29181.66332,21532.28616,25911.52838
CTL0205,52933.55579,51710.87763,36373.38399,47018.53878
CTL0206,10593.85202,11391.25288,7871.846671,12141.45704
CTL0207,13706.1571,15594.26872,9303.970755,12520.40145
CTL0208,39223.93981,38015.72644,32118.27581,32346.02371
CTL0209,3466.718979,3227.882431,7508.547339,4087.170888
CTL0210,2273.534637,2866.227575,2472.260022,2744.848524
CTL0211,4899.097444,6527.989739,5894.805803,5957.52874
CTL0212,7455.097081,7206.607075,6972.791646,8917.878186
CTL0213,57991.71719,49599.42,97774.7592,47676.10696
CTL0214,102294.773,93901.28479,59183.24739,72309.16824
CTL0215,27771.05226,24540.79231,15917.42645,16285.59601
CTL0216,1915.050762,1791.728336,1677.793438,1948.519203
CTL0217,1210.061627,1126.203693,1225.902133,1164.258149
CTL0218,2267.983463,3750.45881,1512.337575,2269.693034
CTL0219,75.90058559,84.49489925,124.8343294,44.61568191
CTL0220,78.23688278,57.05524935,146.6248077,34.1723634
CTL0221,184.1313483,187.2991986,473.7736431,69.38066761
CTL0222,19182.57375,22967.63958,30378.48201,32509.98822
CTL0223,17045.1458,15500.61411,23665.02911,21608.10852
CTL0224,11370.31467,11587.61203,11424.05718,12105.51279
CTL0225,10007.39049,8959.188767,6128.136178,7623.805048
CTL0226,62887.49655,58148.01371,29362.65207,34727.30891
CTL0227,12362.3208,17974.28329,11911.16901,15937.04078
CTL0228,5022.679884,3533.929343,6057.014191,3381.788908
CTL0231,9208.743478,10865.19651,12349.84295,12054.02325
CTL0231A,23.25969668,32.06564213,40.84678198,30.51799261
CTL0231B,14.21336018,33.86015931,27.90590512,20.57867949
CTL0232,8806.055645,10056.27829,5338.941477,6156.608169
CTL0233,36098.69682,35066.34863,36507.50086,31316.27995
CTL0234,42727.48434,61473.7492,65109.05035,103052.2584
CTL0235,18103.12804,15450.98209,12431.04878,18837.42
CTL0236,2732.029338,4136.393698,3350.164581,3537.309988
CTL0237,1692.16498,1977.871646,1827.83783,2185.555979
CTL0238,17518.47465,24390.27508,19024.46226,22390.87399
CTL0243,1324.849094,1711.478831,1692.046064,1904.383158
CTL0244,17321.77497,20229.29771,13775.17894,16668.69295
CTL0245,36451.28183,30774.13493,31555.66239,28639.00363
CTL0246,4192.113335,12042.37274,8019.428146,6925.333633
CTL0247,3715.269911,4624.59776,5256.149652,5967.643088
CTL0248,10235.15345,7452.865607,12924.02909,7813.781678
CTL0249,20890.03959,17906.89705,25374.4697,12273.11623
CTL0250,34912.89298,25266.72704,37114.63085,18940.64204
CTL0251,103539.8456,53979.96175,103134.6408,47840.50753
CTL0252,3332.906529,5898.641985,4108.404776,2382.047443
CTL0254,507546.1614,348526.2495,254435.6719,168818.057
CTL0255,9660.516249,5799.530613,50473.35697,3009.25933
CTL0256,54347.74768,38852.52377,65431.51026,34533.591
CTL0257,5077.613812,6287.837934,6974.041042,7783.497458
CTL0258,32202.04952,39343.41718,29946.93587,52127.46182
CTL0259,32699.79058,38542.70776,33069.86856,48563.46593
CTL0260,5226.018752,6664.303686,4980.113236,5407.776237
CTL0261,652.079003,1606.100883,513.9933116,637.4073434
CTL0262,29089.42047,20875.86925,22134.7716,26323.11963
CTL0263,3561.668966,4124.329964,4163.100472,4348.804081
CTL0264,15454.2866,13588.53105,7588.498484,9199.596997
CTL0265,9609.694829,9827.957585,11445.28547,11746.9443
CTL0266,19012.94944,15788.73523,16775.49373,18628.23019
CTL0267,25916.81843,20343.15707,19655.77923,20950.211
CTL0268,43963.26342,31586.917,33806.39765,26752.44557
CTL0269,14814.55107,10283.23959,13897.75375,11375.30702
CTL0270,4048.791457,3700.566476,3449.581112,3031.722505
CTL0271,23449.48227,33594.71503,50299.08928,64873.4654
CTL0272,53175.3691,44994.99381,72085.7813,51898.94603
CTL0273,7195.971668,8762.121422,4610.077765,5180.716041
CTL0274,64181.64165,60473.79569,47735.95883,57901.23361
CTL0275,18069.10994,22460.85801,15902.06345,22245.66921
CTL0276,5957.841456,7527.068738,7622.505533,6188.615666
CTL0277,50844.86173,48332.98434,50048.19456,53522.42259
CTL0278,20561.47722,19544.63747,14653.99561,18184.271
CTL0279,11243.11345,10765.50924,10009.74768,10690.89486
CTL0280,84203.57719,69839.86141,57735.44963,76475.21882
CTL0281,23485.19219,22743.29144,13783.17688,17755.71833
CTL0282,23145.67932,21405.17185,14229.54525,19912.52853
CTL0283,4330.274853,4213.861184,3163.806561,5050.985607
CTL0284,15113.568,13463.4056,12598.35228,16932.01372
CTL0285,5979.083795,5254.092091,5081.365737,5697.731936
CTL0286,4405.91576,4384.307803,3950.236911,4212.731978
CTL0287,19757.57073,17229.54279,15518.51095,16938.67279
CTL0288,5879.34027,7617.42936,7511.407667,9233.51613
CTL0289,8063.569234,9331.080112,6984.340122,7979.620278
CTL0290,4775.565062,5202.831269,5822.434273,6166.022682
CTL0291,1006.413085,1674.080427,906.2063157,871.684339
CTL0292,1592.357957,2419.13925,1291.428956,2168.317262
CTL0293,2751.413162,3159.521517,3077.213184,3003.646056
CTL0294,15704.16008,17603.33407,18891.61933,18539.70296
CTL0295,20.19683737,17.85362915,20.80646158,7.390478163
CTL0296,16470.56549,19012.38946,21618.15514,16046.50753
CTL0297,17079.44042,16835.5345,20470.00531,17852.03036
CTL0298,4543.53854,4962.431244,6896.97936,7992.388951
CTL0299,91342.10759,68457.97999,68112.31066,64058.13628
CTL0300,99544.55711,140648.8151,60552.46166,70374.76943
CTL0301,27320.18005,27947.23896,38995.88742,47207.58389
CTL0302,776.0538359,543.5316695,1668.111313,212.8823988
CTL0303,1988.962751,2055.104217,2295.693893,2338.032109
CTL0304,5772.393546,6588.337182,5377.811244,6447.228917
CTL0305,11460.81948,8119.960043,84972.52507,5424.473361
CTL0306,534.3263223,505.8775356,3155.235094,442.7182584
CTL0307,970.3224575,1106.838301,6213.231912,798.838615
CTL0308,12702.93697,9839.993011,6717.405306,9423.868137
CTL0309,26289.19253,25613.61075,17866.94437,21881.53501
CTL0310,8699.44262,6435.256152,15610.37373,6243.127976
CTL0311,17685.8847,8928.753123,20730.57377,7087.476409
CTL0312,2898.575829,3071.559438,4757.421892,1786.869079
CTL0313,6782.618663,11120.13201,3690.522658,4611.703303
CTL0314,9363.722452,9267.742171,6959.831164,6504.334397
CTL0315,32863.41636,28288.63802,20658.88594,18737.13751
CTL0316,2151.418003,1479.134581,2495.29212,1400.892714
CTL0317,3198.772285,2809.329176,5522.120706,4480.943384
CTL0318,38179.72176,34744.71258,33736.4741,43364.51246
CTL0319,29353.88507,40820.07986,24255.39777,37666.3808
CTL0320,55902.87016,48408.76697,45165.29018,48580.66674
CTL0321,49092.6693,53442.97739,37003.8583,53652.85261
CTL0322,17908.27292,17354.89129,26725.10892,27226.90414
CTL0323,22020.88836,24129.08012,19045.08036,37845.78486
CTL0324,14979.92708,15255.62229,15558.14431,22927.05566
CTL0325,14675.35849,13554.05329,13472.01891,17909.82896
CTL0326,8393.390961,6882.653007,8627.83005,9477.852506
CTL0327,9619.395757,8818.113576,10695.40175,10789.6341
CTL0328,41386.53919,42462.27697,33162.20324,43209.37777
CTL0329,1330.130707,771.1154594,6556.963964,657.0780874
CTL0330,7374.114774,7448.033093,7065.852737,6789.316695
CTL0331,22134.82746,24652.89922,22317.66008,26419.52608
CTL0332,6011.7914,7373.065324,4868.322772,5895.415499
CTL0333,1253.881213,1461.349904,1536.927538,2011.101849
CTL0334,6680.063918,7640.387783,6178.711565,6446.697693
CTL0335,210.1773894,361.0845487,207.3495759,216.5332909
CTL0336,7462.836914,5235.95198,57709.4909,3447.864359
CTL0337,628.4223756,935.2523657,1134.826283,556.166596
CTL0338,786.2930064,807.7001832,1403.864514,827.697404
CTL0338A,232.4401851,186.6568285,317.2625499,174.3084702
CTL0339,2900.57591,2877.552459,25888.33808,2860.044225
CTL0340,14496.4719,15417.4288,8920.856556,12471.03704
CTL0341,23761.16767,30197.37682,12463.28185,14325.91105
CTL0342,970.8156839,662.4619166,856.2176864,427.229663
CTL0343,438.4875585,339.4090484,492.3513831,313.2652693
CTL0344,13571.61434,9612.474583,18305.52514,6162.445607
CTL0345,21580.83896,18426.77965,18143.80474,14866.67964
CTL0346,4662.256955,3874.099531,4407.958196,3801.729331
CTL0347,7593.060428,7675.711316,8955.52979,11783.42966
CTL0348,4095.977089,3883.981459,4569.490163,4618.89621
CTL0349,20760.37675,15258.3838,19861.74361,20688.75558
CTL0350,6677.729887,6914.529676,6153.583573,6995.670297
CTL0351,65921.07385,68551.51057,52280.91423,67558.02979
CTL0352,27626.57089,26084.90943,24048.88393,31844.83908
CTL0353,96069.16694,112455.7848,77763.67666,113122.7396
CTL0354,15150.89776,15645.83016,18307.74575,18536.7037
CTL0355,2311.488954,2048.752092,2924.091032,3353.678834
CTL0356,3670.00728,3132.672199,2244.542989,2809.931148
CTL0357,5514.470303,4364.541436,4106.091535,4187.134248
CTL0358,4736.068774,4217.518806,3440.216331,4484.406744
CTL0359,12885.39442,15435.56469,10238.89432,18321.67619
CTL0360,1948.754954,5441.576658,3301.882451,1891.377738
CTL0361,684.2539717,1243.846639,896.5764252,1277.212145
CTL0362,2837.110069,3593.135761,2156.284888,3246.366171
CTL0363,5352.913576,5922.196504,4502.137856,4248.034875
CTL0364,7156.843144,8464.325632,5596.036093,7883.824548
CTL0365,107660.6759,171324.5906,135863.7738,269924.4253
CTL0366,39674.73095,75159.7362,49276.23915,129561.3157
CTL0367,30643.92911,33169.16802,28237.80243,44815.07774
CTL0368,56687.1644,48740.59942,58971.92031,69053.13647
CTL0369,16805.26135,10562.73924,20083.72764,17899.71073
CTL0370,51422.15984,49812.78399,51285.96088,62091.87224
CTL0371,7049.817253,8112.489648,9693.292876,15471.10873
CTL0372,21866.90395,21437.55495,27354.13381,51187.30082
CTL0373,9636.809072,13198.81082,17073.69839,24499.02934
CTL0374,262.8029257,206.3115018,573.8340116,711.4870239
CTL0375,64.71069369,55.49139329,115.630154,125.9760603
CTL0376,9965.455983,9753.387727,10164.22271,12700.63455
CTL0377,15126.48682,19523.95181,16991.53631,28669.81785
CTL0378,5410.629145,5620.774058,5554.835537,8217.484096
CTL0379,19178.59847,17184.43815,17579.10784,24551.87621
CTL0380,39823.62186,49602.61388,45585.52353,59135.77931
CTL0381,29829.94386,41394.98903,30486.9761,45569.64021
CTL0382,2719.785107,2785.642934,2906.27651,3439.035974
CTL0383,7341.204168,7505.407804,9563.004969,11783.71782
CTL0384,4356.633271,7119.718053,4558.910131,5834.185766
CTL0385,9074.38946,12771.32443,12493.27488,13213.72051
CTL0386,1484.332633,1609.443455,2178.704145,1377.55228
CTL0387,304.0254394,435.112669,544.8022631,363.6405346
CTL0388,3214.31283,3794.732089,2948.250955,2886.453188
CTL0389,10413.95198,13215.93329,7768.444699,11796.64314
CTL0390,10187.88141,15470.47059,8843.265036,13366.17092
CTL0391,20207.21761,17788.17885,13799.55753,14533.11628
CTL0392,6382.894448,5886.753864,4851.001427,5299.847092
CTL0393,7232.408916,6176.160472,7394.267574,6968.121037
CTL0394,4595.667086,6714.870305,4562.695852,6440.055831
CTL0395,7945.729024,6190.615753,4760.824982,6004.304293
CTL0396,8745.816224,9696.950287,6048.745655,6040.532768
CTL0397,15893.0637,9312.850935,107180.7563,7319.435037
CTL0398,3626.54901,2232.882805,23427.7259,1497.801803
CTL0399,20765.91555,10267.97785,124556.5626,8241.752992
CTL0400,18756.46895,18863.72747,20365.18471,26279.08426
CTL0401,7244.033988,6823.158929,8836.159114,10845.04182
CTL0402,53312.00033,68007.27144,42202.13559,45286.86801
CTL0403,18503.95154,17729.71424,14305.25913,18100.49676
CTL0404,2118.276262,2234.243635,1836.873709,1836.249698
CTL0405,12793.22337,15156.77058,8204.952366,10116.99952
CTL0406,43756.14702,45718.43251,25674.09843,29193.87276
CTL0407,2918.890699,2962.953371,3232.559676,3093.221586
CTL0408,12738.20639,21126.43792,13781.56005,21949.86363
CTL0409,265.0004889,334.5753517,326.6139053,253.4587069
CTL0411,221.6074477,251.852013,334.7245719,239.8872177
CTL0413,185.5663538,205.5897704,330.6137455,377.7017876
CTL0414,58.82295885,73.76291268,71.53989218,70.11666412
CTL0415,113.5702668,112.9794983,157.3394991,120.2198222
CTL0417,319.8571596,314.4880056,358.5442652,343.8454646
CTL0418,13.37823202,13.01065976,21.0247648,19.17170453
CTL0419,8198.248613,6590.941287,8377.41481,7931.050889
CTL0419A,1831.605177,1423.792415,2168.944464,2102.481088
CTL0420,6051.207221,6809.906152,3833.76216,3462.292156
CTL0421,3789.7652,3476.070563,2434.337642,2471.068327
CTL0422,56498.1558,38903.40007,3912.170659,3866.596066
CTL0423,257332.2092,298309.6893,13038.41371,27029.71428
CTL0424,190032.6335,189405.3819,13446.17156,19372.80165
CTL0425,1560.110202,1544.940397,3545.385508,2693.807776
CTL0426,177.5541222,118.7280526,261.0379993,106.9125275
CTL0426A,61.11250173,52.72528977,78.11818917,44.74020496
CTL0427,5987.837892,6028.040956,7282.679062,7251.14059
CTL0428,476.8153968,273.6145601,489.9988898,241.4773816
CTL0429,2561.429595,1753.719792,3241.003446,1440.188534
CTL0430,1332.883904,811.5067018,1414.050461,577.3360198
CTL0431,6016.553113,4319.869054,5404.13993,4538.907293
CTL0432,36588.73461,29796.80426,25045.02177,26832.36997
CTL0433,1062.62656,837.6660028,2060.087388,998.4434171
CTL0434,19667.76309,20649.18307,14219.78292,15046.59728
CTL0435,3511.246585,4643.623835,4751.022311,6182.245089
CTL0436,875.5532115,1215.562812,1502.794789,1595.035198
CTL0437,40971.42467,43306.209,31757.23564,45187.86686
CTL0438,18406.09437,15202.39491,14999.97298,19340.11236
CTL0439,5153.972582,4755.960266,5623.827409,5954.657215
CTL0440,40421.93194,24145.94091,34917.09234,33589.11686
CTL0441,34754.60426,31391.7879,33462.92974,40791.26855
CTL0442,50074.65501,47359.82724,51626.97659,66064.32696
CTL0443,10012.66222,7934.548857,9035.394022,10011.57277
CTL0444,3037.843818,4080.915325,3156.202899,3614.683803
CTL0445,6277.536271,7289.246454,5723.049525,8849.04112
CTL0446,54808.13981,22355.20302,37882.67889,29214.37711
CTL0447,4732.902652,5870.307701,6623.926403,9299.501687
CTL0448,161.3009503,444.3387498,483.6169324,599.3832793
CTL0449,5817.905467,8533.844523,6526.241828,5876.555484
CTL0450,13995.95254,16949.08999,14238.47226,21584.01149
CTL0451,7218.679406,5702.309864,5837.723419,6935.786002
CTL0452,3648.395614,3676.172696,2868.697993,3390.010035
CTL0453,3407.734875,3364.100896,4240.999703,3851.893245
CTL0454,1848.010974,1617.889284,2307.330527,2062.95302
CTL0455,7477.378903,5322.492657,5600.752989,4229.084599
CTL0456,14103.71713,12581.21675,9189.644328,10122.13462
CTL0457,6728.284938,6087.543869,7300.03877,7280.009116
CTL0458,3382.218344,3766.171541,2207.712687,3232.292805
CTL0459,5482.872601,4483.818918,6041.19899,7179.206335
CTL0460,9192.298187,8212.445488,14667.74332,12309.06385
CTL0461,53574.20642,56108.95344,31824.23027,48764.02203
CTL0462,14823.71138,15230.87823,13108.19974,19678.70053
CTL0463,3530.81097,3137.868829,3282.000126,3458.326434
CTL0464,1632.686494,1697.15289,2101.019574,2247.423055
CTL0465,7653.22552,8125.805431,7390.558328,8898.547052
CTL0466,8044.159356,9785.507775,8926.686805,9568.68617
CTL0467,32870.92359,36748.05098,35602.00066,44105.50655
CTL0468,15324.95411,17410.18013,13413.66378,18117.70385
CTL0469,6234.861711,9577.034469,6229.905811,7078.880345
CTL0470,4144.113153,3916.295677,8794.629964,4975.980665
CTL0471,415.7805697,616.9167483,741.975378,770.8916679
CTL0472,1065.648709,1632.634541,1143.701035,1308.79113
CTL0473,33408.45355,36837.37503,21462.52549,37811.42074
CTL0474,683.9049431,574.8248684,868.6636654,774.2286311
CTL0475,2865.66958,2639.426696,3669.211766,3413.511162
CTL0476,28163.2793,25480.78986,32181.01099,51798.54757
CTL0477,1065.837199,1003.973917,1241.510975,1059.844937
CTL0477A,6074.498532,4953.286024,6197.624505,5250.259762
CTL0478,2165.83635,2167.451552,2555.402421,2493.300535
CTL0479,1408.954683,2021.035644,1302.045404,1337.883682
CTL0480,4575.997101,14821.53255,2760.04469,3399.015895
CTL0481,1881.80025,5124.715324,2933.444237,3119.494075
CTL0482,4818.665085,9361.298534,4001.161231,7651.545813
CTL0483,7241.357975,8064.102082,4669.549019,7134.827884
CTL0484,10905.41531,22640.94146,6166.535861,11536.77423
CTL0485,4413.258996,8489.288818,1725.631272,2652.285758
CTL0486,12056.24342,14775.94089,11181.6988,13041.97292
CTL0487,2529.847941,3376.155976,2991.475222,3408.854697
CTL0488,18820.78269,15512.59423,21145.83212,15139.30326
CTL0489,18018.31858,16429.14966,16118.61922,19922.72218
CTL0490,8100.847585,8149.754971,7742.926039,11702.38574
CTL0491,23360.46138,21107.41446,18512.28801,29853.12335
CTL0492,2025.207998,2577.438321,1743.639148,2006.949518
CTL0493,100341.2093,85275.03311,80682.84274,103588.7846
CTL0494,13058.01445,11623.64165,14835.74527,19534.61607
CTL0495,22145.1494,18300.6203,23379.34918,27730.84447
CTL0496,2668.393973,2124.095346,2530.518386,2243.339226
CTL0497,6401.527952,5323.130964,5561.361408,6670.065466
CTL0498,4380.26531,4050.06346,4083.186665,5236.466369
CTL0499,8065.039214,6445.930742,6644.961808,8723.123748
CTL0500,16675.84565,10470.44493,24201.77514,7357.09686
CTL0500A,1879.540939,2938.880148,3410.491519,4547.511152
CTL0501,13918.77293,10731.73023,11593.46404,12634.55381
CTL0503,119430.9326,82789.38068,70081.35296,75762.00203
CTL0504,6180.720038,4963.29622,5675.216277,5975.148734
CTL0505,44385.97701,29518.10272,32090.95228,29673.95425
CTL0506,15689.94897,11071.9953,13584.28871,11284.2842
CTL0507,10217.54693,7591.543148,7505.035622,9149.099133
CTL0508,3919.369743,3324.174417,3832.644801,3949.295156
CTL0509,2860.488087,2477.985316,2955.430133,2756.469644
CTL0510,8992.042287,7201.84108,7946.649892,7590.863069
CTL0511,16043.99259,10526.87676,17597.95277,13000.94504
CTL0512,6262.457802,8941.965076,7073.057656,9494.674699
CTL0513,6508.696082,7645.42944,6913.427432,8272.159546
CTL0514,3033.485194,2887.621054,2671.196046,3122.247404
CTL0515,1595.678989,1580.270066,1804.129614,1869.382891
CTL0516,16005.75742,13270.3903,18868.60992,16616.50468
CTL0517,8557.164587,8239.12366,14378.09211,11510.39155
CTL0518,15184.4755,11363.62925,14368.36678,11482.58416
CTL0519,33496.53472,20707.68924,47069.38499,20878.52389
CTL0520,18298.26006,17384.72939,19593.15085,26628.09877
CTL0521,51230.89509,36677.77773,42335.6139,52871.60687
CTL0522,5069.403422,5173.392427,6188.64036,6128.48633
CTL0523,2424.775084,1988.248105,2388.854537,1902.429513
CTL0524,6928.521205,7921.282572,7500.422898,8317.341774
CTL0525,3480.417677,3699.231026,4128.990593,3602.505224
CTL0526,1866.207674,2031.336501,2509.20069,2508.037768
CTL0527,48344.89713,41015.76822,44449.4477,56169.83613
CTL0528,18910.47953,13701.45428,19075.5512,21681.83916
CTL0529,7457.04532,7451.041582,4534.49753,4745.195719
CTL0530,20930.65586,18092.6319,15444.39769,17809.1546
CTL0531,5809.089478,5266.720446,4656.699362,5699.057124
CTL0532,2914.524787,2373.278592,3230.487133,3704.050207
CTL0533,3009.394464,2411.035121,3988.008605,4840.759366
CTL0534,4004.445402,3404.75115,5050.371941,5281.281805
CTL0535,50257.33953,35820.55499,48505.29965,53011.33804
CTL0536,4241.191986,6874.680104,3852.516805,4324.000679
CTL0537,3242.944809,6065.570306,2909.998985,3592.010725
CTL0538,37683.5964,34642.71916,60413.30192,36203.81857
CTL0539,10655.852,12773.47501,11666.13906,12264.83958
CTL0540,7689.12291,11173.43616,14235.54698,8557.592247
CTL0541,46571.10966,34083.1689,52966.1723,34374.53791
CTL0542,11840.8193,9600.595124,10755.1698,14186.08114
CTL0543,6488.527204,4947.566221,4595.25894,6701.517826
CTL0544,31548.04149,22639.376,25653.38267,32941.49908
CTL0545,21339.46359,20841.15348,18335.80061,23366.35514
CTL0546,26951.2557,23257.84629,14672.7852,19323.02302
CTL0547,59511.15334,40822.59445,43178.54534,48956.26405
CTL0548,38008.02941,37544.46498,23467.99575,27487.1359
CTL0549,2414.410175,2512.526825,1890.6734,1869.047996
CTL0550,5115.483102,5405.346478,4434.933254,4931.523266
CTL0551,9953.199701,6983.555489,11511.6443,8954.013757
CTL0552,1762.093686,2956.944021,2374.136146,2516.110778
CTL0553,5954.887047,6730.372519,10366.15968,9110.980084
CTL0554,41262.04582,43145.84389,27566.42949,32780.41598
CTL0555,4521.139263,4245.929325,4976.592433,5408.314795
CTL0556,2541.052627,2455.400939,3343.674678,4967.069281
CTL0557,23135.5079,18433.79348,29203.73146,41125.12911
CTL0558,16239.14529,15599.00252,20748.84787,22785.8146
CTL0559,11054.63948,10329.21261,14524.83886,18309.48048
CTL0560,18025.37521,19157.39927,14994.60886,26025.21818
CTL0561,9872.66033,9874.908831,6636.621083,11767.85392
CTL0562,56400.80671,48890.01885,35807.42722,44149.06696
CTL0563,9789.373632,10250.48314,7885.945344,9420.049518
CTL0564,8641.573448,7857.817139,9115.405396,10485.31599
CTL0565,83954.79212,59878.46402,113146.8827,65439.63213
CTL0566,117539.1551,102192.9529,123210.2943,149162.8716
CTL0567,86913.24753,76559.57931,73409.47676,100123.5872
CTL0568,56006.82465,53818.19034,25925.16515,40868.00656
CTL0569,35297.62856,35716.54076,22838.31724,32167.818
CTL0570,38226.91075,39852.82452,27075.66433,36334.55341
CTL0571,51816.02417,49415.95726,36935.71961,42981.94813
CTL0572,34110.31777,28578.05272,22212.70705,34519.80639
CTL0573,11919.93942,10356.53998,9072.455301,10222.39963
CTL0574,88514.6028,102472.0484,75384.69458,112072.0428
CTL0575,21234.91336,18602.72461,12856.58073,17132.64991
CTL0576,17746.83655,18502.08241,15772.58268,16278.36948
CTL0577,1144.487093,1184.541489,1458.856176,1836.149114
CTL0578,6452.901113,5984.525362,3529.243776,3071.890818
CTL0580,2834.540082,3280.916848,2787.065155,2159.317686
CTL0581,24390.50895,24482.13732,28732.79515,23098.5958
CTL0582,6006.12306,7014.636251,7800.334325,8583.695429
CTL0583,7660.43024,6874.084611,8015.433129,12164.20793
CTL0583A,14975.54428,15029.06776,12941.18603,13938.2548
CTL0584,8698.397857,9669.375697,7253.926328,8074.126048
CTL0585,16452.00404,19980.36295,17488.67878,19692.16027
CTL0586,15894.19559,17489.92173,16100.73117,16292.68254
CTL0587,8822.276644,10924.56312,11187.80075,12433.69081
CTL0588,15665.32787,19808.31174,15001.53118,23051.20378
CTL0589,1183.064557,1658.520666,1960.804367,2272.772488
CTL0590,20902.99632,17626.21116,20177.41983,22352.18529
CTL0591,6613.474989,5217.841356,5740.285409,5890.031321
CTL0592,1921.963369,1702.420094,1724.515989,1807.213009
CTL0592A,2812.042299,2241.617715,2294.165349,2329.431034
CTL0593,2160.058552,3318.565938,2106.966755,2607.827451
CTL0594,29047.59419,29536.87713,27770.11843,32284.77947
CTL0595,20608.74578,24891.26324,20826.0501,28052.9132
CTL0596,11521.32733,14565.60459,11946.74958,14990.39519
CTL0597,14255.16406,14736.60443,16770.68346,16681.40563
CTL0598,32683.49461,34446.46401,51239.66036,39081.02923
CTL0599,354.1631996,486.3062907,543.18221,588.0109328
CTL0600,10336.48999,10078.74448,10147.1515,12047.45274
CTL0601,474.1917018,501.0463604,638.7288556,574.8694337
CTL0602,83629.11334,79244.25803,62705.93739,69862.54649
CTL0603,17873.35171,13881.07739,11952.58302,11331.279
CTL0604,8790.742579,7517.82797,9124.259858,5944.580447
CTL0605,16400.08782,14437.26742,14080.51085,12208.51293
CTL0606,39982.90866,48847.95594,35263.21606,38830.39535
CTL0607,31083.62722,30001.82931,30461.84874,32047.6777
CTL0608,8253.176692,7507.92599,8688.686727,8769.988657
CTL0609,90100.86046,71776.29659,72926.42613,66592.18946
CTL0610,3531.367526,2292.657351,3114.890406,1967.842628
CTL0611A,1793.875162,3997.116474,2115.325506,2616.526215
CTL0612,1280.308324,3190.389104,1116.042855,1459.077802
CTL0613,75818.91355,50571.09746,40149.2734,46395.29955
CTL0614,6425.775629,5542.800736,6089.524077,7458.499981
CTL0615,139342.5517,125894.8535,137015.319,154527.4467
CTL0616,26486.57148,32590.53358,21822.83645,30031.07417
CTL0617,29447.47069,23264.29079,19989.16197,24244.91773
CTL0618,42276.76227,45537.55487,31224.11642,37087.52692
CTL0619,5226.097757,4688.872862,7530.865256,5648.422456
CTL0620,6811.400643,9153.310704,6365.17138,8333.36935
CTL0621,1428.24892,2756.021052,1343.114174,2208.790696
CTL0622,2441.641818,3533.274105,2648.523399,3689.388938
CTL0623,1066.797909,1156.987544,967.6112333,1332.905989
CTL0624,1264.82016,1287.301947,1374.090239,1525.24346
CTL0625,3247.941166,3363.634108,2227.354634,2822.853439
CTL0626,15566.78035,11217.43854,10484.82804,7014.472922
CTL0627,3521.930704,2649.35899,3594.807304,1393.689943
CTL0628,1432.462252,1140.129674,1937.207603,821.4742833
CTL0629,10075.09343,12162.43123,10021.55741,11789.49075
CTL0630,20824.31346,19809.78066,23416.00496,24783.16276
CTL0631,4782.598116,3631.61731,5473.122411,4464.658213
CTL0633,22225.21871,17724.10289,27453.11952,21375.38098
CTL0634,27988.33279,19904.51398,28757.83606,39865.49549
CTL0635,6546.473764,6855.689403,7242.377085,9657.633398
CTL0636,23214.16085,21421.2484,24124.79285,23794.49971
CTL0637,8574.902201,9194.155738,10600.62812,7043.479684
CTL0638,7599.752864,5188.886101,44337.43076,2122.04853
CTL0639,3913.468277,5646.006037,3509.837668,4229.601637
CTL0640,6032.398916,5788.174563,5638.759689,4699.645937
CTL0641,10928.11851,10086.68062,12459.87271,7842.847977
CTL0642,29212.92678,27084.50669,18399.90222,15598.81032
CTL0643,7529.756477,7343.216038,5511.191111,5817.033154
CTL0644,15400.11789,14677.45233,12758.28816,14262.36911
CTL0645,5805.145015,4722.924503,4570.25794,3443.207585
CTL0646,7332.678028,9271.310992,6057.610912,6508.639291
CTL0647,2550.085591,3249.690142,2440.761836,2516.966621
CTL0648,485.1700827,344.2341653,1101.740173,192.5445183
CTL0649,34944.42726,38612.63329,29489.81598,35537.70335
CTL0650,8950.967741,13843.67501,19442.39262,20362.77702
CTL0651,4133.899743,5630.93177,7829.692989,9083.677461
CTL0652,39170.24604,61452.79826,58250.36822,78154.53924
CTL0654,63166.56193,58537.34778,41505.03843,50937.92011
CTL0655,49075.02271,39965.29959,29354.82048,37903.03968
CTL0656,22286.9771,17081.12581,22619.67565,22188.28713
CTL0657,11018.65924,8746.496176,10698.10117,12710.5209
CTL0658,10516.38938,8303.074469,7706.206056,8847.940973
CTL0659,80445.89841,51604.24777,40605.70398,39930.68471
CTL0660,23338.72216,11037.42499,17487.38218,13886.36081
CTL0661,12553.18622,9815.74947,7787.859182,6572.606415
CTL0662,22439.62374,16578.76113,14457.26421,13662.52346
CTL0663,13188.15178,11193.905,9501.61352,8795.527265
CTL0664,10331.71529,8834.029652,10692.95453,7558.037955
CTL0665,6795.334537,6131.542402,5348.054506,4866.890286
CTL0666,14543.24755,15741.72564,11874.35057,12653.23098
CTL0667,11088.75381,10425.41342,11456.6482,11846.98472
CTL0668,8096.293711,7905.550398,8732.739884,8906.284091
CTL0669,10419.33055,15632.86012,18371.39589,28329.17195
CTL0670,23545.33222,17662.11287,30472.39443,11121.67519
CTL0671,183117.8099,113784.1688,227245.2663,174381.5345
CTL0672,7122.533986,10564.48183,5136.74134,7498.376277
CTL0673,2524.431018,3084.132505,1659.1727,2093.973794
CTL0674,2148.956911,3090.028396,1839.357411,2181.45438
CTL0675,7489.74734,7079.399884,7214.852636,6084.535498
CTL0676,87464.98409,73472.49193,69109.82868,74639.85078
CTL0677,43214.60155,40344.28149,29561.70245,33643.24872
CTL0678,14557.86528,11849.96505,10249.37992,11021.04812
CTL0679,28698.84067,26955.76516,28581.29952,22585.51227
CTL0680,14714.23845,15936.39607,8368.362283,8969.608863
CTL0681,3949.027329,4045.890206,3428.562001,3394.22189
CTL0682,3729.748363,3482.903677,3238.538497,2860.142804
CTL0683,4289.176178,3371.170911,4640.388183,2253.068238
CTL0684,40959.94135,35397.63429,31132.41735,36143.58033
CTL0685,5540.260581,5642.264417,6353.176172,7672.727376
CTL0686,1976.159239,2362.49461,3229.763285,2913.977607
CTL0687,490.5982955,651.0576692,988.4372688,1078.802241
CTL0688,93589.94154,78180.41661,50697.99435,60921.94044
CTL0689,21121.22003,19767.7972,15332.07985,17104.66178
CTL0690,17621.89867,15849.6641,13274.88898,15461.80831
CTL0691,50448.34717,48216.81371,42692.69989,45459.41956
CTL0692,54.60312909,65.57283564,74.12900919,105.0913298
CTL0693,2537.119559,2291.36629,3362.458564,2559.39145
CTL0694,13017.07471,13378.79238,12559.11508,14166.66414
CTL0695,42823.76502,43299.38486,46326.98175,52474.52555
CTL0696,132010.9306,118902.4973,92349.80594,123708.9812
CTL0697,126650.9941,108379.3707,78787.31171,115841.2434
CTL0698,31854.94701,33895.68958,24079.38918,30220.11746
CTL0699,871.3993278,2792.074488,812.1962817,971.2824845
CTL0700,1212.092255,1346.842662,1730.360236,877.8447757
CTL0701,27698.56757,17089.67481,40505.21188,15454.85541
CTL0702,25958.12461,18706.07798,118761.8064,12737.17358
CTL0703,49052.90234,30391.48964,207680.9713,10813.10799
CTL0704,441.0030314,316.7906112,1399.546594,272.1529999
CTL0705,63644.39241,63757.37567,41770.97933,41071.98115
CTL0706,34622.08352,50221.92726,40872.37434,40676.21092
CTL0707,26101.1199,19542.38889,25082.25075,21574.42877
CTL0708,73576.5906,52342.03439,74777.36916,57406.74499
CTL0709,4239.964303,6261.65802,3654.725787,4257.233888
CTL0710,14546.29268,17236.47171,15357.04783,17402.60672
CTL0711,5202.455167,6110.484778,6529.35479,6884.339578
CTL0712,2661.090497,3557.754138,3438.713684,3569.862992
CTL0713,4942.315067,6436.632595,6406.312374,5964.217283
CTL0714,8094.648866,8991.869777,9393.150037,10472.7377
CTL0715,35310.33462,30876.51194,39289.72008,40406.56405
CTL0716,3013.539395,2233.57969,6067.74917,1086.384847
CTL0717,17942.3695,19340.39046,16682.32441,14861.95191
CTL0718,3591.82056,3267.874654,4519.386322,3353.862064
CTL0719,5958.591907,7183.015449,8162.817476,6369.50642
CTL0720,34094.8617,34354.64348,45527.06194,42966.47085
CTL0721,20642.85713,21461.20214,21566.67275,21215.82312
CTL0722,6320.417912,6636.570449,5833.55832,5482.755294
CTL0723,1620.136982,1650.645568,2131.005771,1333.087904
CTL0724,6671.006289,4873.584036,6567.648639,5268.856075
CTL0725,114.8378039,227.8375722,148.3285621,176.1397791
CTL0726,9457.205159,8410.825165,6840.339676,5832.452182
CTL0727,4533.563049,3228.536957,3951.539104,1766.025857
CTL0728,1386.783949,1025.322437,1150.533814,459.9088596
CTL0729,568.6327317,1068.930371,714.6729636,841.2858379
CTL0730,1413.469946,2080.486747,937.5440934,1115.567603
CTL0731,6772.225345,4788.033653,6065.02331,5571.904157
CTL0733,9194.851413,10792.22886,7373.098225,7418.943706
CTL0734,2862.776527,4216.694213,1656.708926,1741.026749
CTL0735,1691.439693,1489.040263,1704.023548,1949.803178
CTL0736,43235.07914,50522.30817,26893.60775,46176.01597
CTL0737,35343.74926,31586.65366,32834.00221,27565.17873
CTL0738,2682.530748,2537.919097,2512.922278,2491.907494
CTL0739,15387.76168,13433.10885,21367.29686,20778.65058
CTL0740,24116.22382,17513.82456,27566.53232,29193.65013
CTL0741,26197.7728,23764.97644,27604.80452,30002.75503
CTL0742,1214.916674,1090.786187,1383.216427,1069.892178
CTL0743,9457.879823,7896.693,9781.267909,8301.398005
CTL0744,1992.006087,2640.823212,2672.768051,3311.121651
CTL0745,11420.22832,10307.05954,10647.74503,8928.154812
CTL0746,7932.515494,6844.649661,8696.749159,8765.025784
CTL0747,16838.72046,13930.37022,14892.97267,16424.9005
CTL0748,2830.119471,2932.560453,3051.178254,3284.421737
CTL0749,9042.427767,9245.984361,8293.086585,7719.397847
CTL0750,4642.216779,3459.860941,8496.795487,3855.301816
CTL0751,647.7274817,444.7950692,920.009791,167.7541608
CTL0752,41384.55843,35546.74366,48651.93777,31951.29198
CTL0753,44687.15678,32434.43011,41831.39362,34968.20549
CTL0754,17091.41671,15348.8446,43104.28285,19315.91321
CTL0755,4216.947685,4006.36827,20046.54253,6454.804866
CTL0756,18549.86787,29528.3427,22980.80012,32098.23439
CTL0757,70791.23274,51593.39621,48029.30925,40148.76223
CTL0758,100.908171,101.4506291,119.1053417,105.9461817
CTL0759,17700.49174,17150.81485,15769.49851,16902.00482
CTL0760,73378.52465,63985.8124,52624.97015,60919.48999
CTL0761,2252.239339,2511.866238,2587.525263,2500.617846
CTL0762,5921093.765,3614145.87,3161561.002,2200323.787
CTL0763,2330.025039,2148.549904,3075.525156,2178.638339
CTL0764,5095.486433,4454.684322,5118.022161,3506.49739
CTL0765,10422.2505,7485.687769,8554.239533,4228.649554
CTL0766,39529.58998,35802.43417,43544.6124,41142.20292
CTL0767,80380.44993,71683.35631,78723.33708,81821.08362
CTL0768,9406.039051,9642.759006,8652.906137,11141.14986
CTL0769,46788.54755,48165.66665,38957.55471,56963.55009
CTL0770,18756.66025,19962.02015,15654.72512,21041.4853
CTL0771,30336.92327,33922.78515,23214.68524,26826.39152
CTL0772,34933.71148,36673.93579,34170.69721,44396.60087
CTL0773,12135.59896,14725.14025,13760.71096,19454.54629
CTL0774,13951.58159,15223.71978,16654.82183,23387.34655
CTL0775,12479.97765,13356.40115,14722.48871,20726.0613
CTL0776,7096.793113,9139.542587,8390.899496,9564.793574
CTL0777,5368.365532,6718.728817,6579.073951,7306.884952
CTL0778,7477.322054,8022.553657,8476.981824,9336.254317
CTL0779,6141.885518,5629.812112,6041.161085,6165.375084
CTL0780,6999.851816,6985.371064,6425.501461,7468.145331
CTL0781,9781.833135,9127.063373,6202.429349,7417.849188
CTL0782,1030.471579,1079.638749,835.4561887,1037.00158
CTL0783,12045.0921,10774.39474,7893.624736,8950.447725
CTL0784,6358.349581,7022.555746,3950.915318,5203.342239
CTL0785,6233.338215,6893.341533,4510.218247,5414.629787
CTL0786,7038.460906,7505.188638,5191.282146,5098.97505
CTL0787,32464.63002,35634.10282,24262.64911,25487.0781
CTL0788,4232.635772,4793.494514,3069.782964,4868.327807
CTL0789,24569.9073,29422.11585,17975.56537,26729.40828
CTL0790,21330.11126,28148.65445,22017.33241,25810.4264
CTL0791,22832.69153,41775.61766,28301.30239,38933.98377
CTL0792,6414.118167,6130.915815,7146.312843,7603.15724
CTL0793,18834.52779,20025.914,20217.64506,22244.68575
CTL0794,4981.447982,3757.524047,5358.531993,4751.569978
CTL0795,24812.85077,19282.20923,31536.1186,28966.45955
CTL0796,13921.56551,11397.68572,13993.20722,9936.421856
CTL0797,15448.93285,11680.99956,20219.52871,12257.92617
CTL0798,7563.757425,7576.96907,8398.203545,8198.442281
CTL0799,10589.7575,9224.345443,8747.32977,9917.550009
CTL0800,62942.02039,48466.04154,43842.96008,51987.29782
CTL0801,26221.06032,29572.85627,20678.00527,25838.89598
CTL0802,15951.18617,15802.75993,13492.62043,13753.03819
CTL0803,36565.44381,37772.17455,32868.19898,38628.96629
CTL0804,145148.5686,99204.93093,77189.24069,114145.6938
CTL0805,38118.28848,36789.46332,22846.90112,31020.8801
CTL0806,131386.8941,99410.05248,92810.9154,88386.88422
CTL0807,17699.45015,16080.80189,25007.29871,21748.80532
CTL0808,2813.338334,1880.243272,8560.851424,1515.915384
CTL0809,8892.856205,10925.95087,14527.24329,18354.35621
CTL0810,2032.101251,2909.572352,2892.802309,3248.652667
CTL0811,6743.43677,7183.459624,6510.562094,7115.850943
CTL0812,4024.713076,2384.465166,2865.410631,2344.268979
CTL0813,13784.5041,16156.05327,17445.60169,14846.11099
CTL0814,426.0638937,979.6875392,755.6674554,1045.58261
CTL0815,1622.150107,2938.940521,2051.061004,3105.567064
CTL0817,28652.64874,33131.83812,21090.65873,24623.03998
CTL0818,5141.743207,5044.95281,8160.04749,5667.972847
CTL0819,112948.1314,80442.55689,71669.44126,53841.98838
CTL0820,48809.89274,48712.12928,47325.66637,47992.67066
CTL0821,7464.178438,8411.444396,7357.282376,7246.139749
CTL0822,44918.82859,41275.55699,34450.89842,27613.69238
CTL0823,6168.654063,5590.059939,5150.062709,5101.819287
CTL0824,5444.726046,4883.018454,6806.465397,4173.117717
CTL0825,2077.218495,1875.541766,2328.303258,1697.242335
CTL0826,2639.803836,1986.361987,1945.456475,1264.299118
CTL0827,2753.922982,2298.158087,2421.837028,1914.35268
CTL0828,76247.36801,47799.6784,468253.5483,30122.39645
CTL0829,3051.497158,3279.766899,3176.128643,3107.611362
CTL0830,1772.316887,2206.075116,2461.112934,2558.47323
CTL0831,1605.119033,2018.888342,1738.792235,1890.468719
CTL0832,2316.710534,3045.752716,2654.193342,2833.763835
CTL0833,2402.878933,3195.121247,3664.213606,3710.975279
CTL0834,4889.577496,5940.587783,6837.309629,6682.383161
CTL0835,15187.75232,17672.86184,17092.36311,18014.80162
CTL0836,7383.291611,8712.926204,6609.946744,8205.328646
CTL0837,5352.749601,5882.583172,9849.199982,9595.0084
CTL0838,6633.412748,7604.691869,22105.38113,6821.017812
CTL0839,506.644608,400.5781145,1261.454697,231.7697772
CTL0840,87.73151335,65.2164127,184.1289648,51.49884422
CTL0841,1186.695331,950.4925345,2019.862777,614.98414
CTL0842,959.8678059,861.7895331,1933.678371,457.0429749
CTL0843,5738.083066,7827.838583,5398.259928,5340.977181
CTL0844,52439.40318,55296.09751,31634.96252,37264.88392
CTL0845,14045.69039,13538.85656,11195.37053,10647.56027
CTL0846,6462.208377,6455.302459,5276.629023,5737.419031
CTL0847,15616.5993,21941.34301,23165.73197,28349.0063
CTL0848,50686.98891,63682.05716,28352.28865,61650.34155
CTL0849,8335.436558,8542.508277,10375.1225,11260.28053
CTL0850,20200.2496,24782.15725,21349.71949,26214.04366
CTL0851,3706.485998,3389.103643,3898.923772,3376.874558
CTL0852,682.887753,594.3096366,748.2176548,605.2490582
CTL0853,9929.767743,6756.588356,10242.9382,3795.43113
CTL0854,4445.754512,2981.389282,5200.470218,2404.826885
CTL0855,3631.707857,2748.612121,3835.963896,2647.879818
CTL0856,3375.243519,2966.041188,3153.749734,2346.225452
CTL0858,5275.748222,5490.259451,4811.146378,5045.537284
CTL0859,13647.7939,9789.054674,8309.542927,6696.342655
CTL0860,3875.013984,3952.293297,3637.359378,4008.408217
CTL0861,360.0465182,512.1591278,455.4371389,484.9597763
CTL0861A,158.195583,251.6206405,184.4075822,209.4353975
CTL0862,9648.391715,13314.57843,8154.558297,10177.10554
CTL0863,19146.81634,19216.47991,12808.73738,12262.95925
CTL0864,7425.670579,6990.693164,7612.409712,7489.013158
CTL0865,4273.17585,3550.591292,5605.621913,2862.083987
CTL0866,87010.5239,86278.57095,44193.90527,55316.96587
CTL0867,8498.507587,6157.558256,8427.626951,4544.082379
CTL0868,7996.52264,7629.145413,8566.216829,6576.613665
CTL0869,8587.214153,7605.046587,9373.046528,9777.410985
CTL0870,2254.873244,2086.361185,2499.670096,1504.19067
CTL0871,4151.559662,5343.903245,2793.996104,2948.083987
CTL0872,38426.69412,44490.98884,22937.54893,32070.82251
CTL0873,2080.623921,2048.214537,2157.574731,1269.395056
CTL0874,127058.4634,143981.0209,162742.8293,196551.998
CTL0875,33542.80996,39118.87248,38874.70858,50000.43512
CTL0876,23695.24326,23598.98765,18504.06695,22541.72032
CTL0877,106614.216,108128.2097,62387.0824,81818.96465
CTL0878,11223.36591,9485.240542,7465.511676,6764.848488
CTL0879,61022.80207,65315.84151,41452.59675,47806.69321
CTL0880,11239.21428,10702.6465,12194.89464,11736.47507
CTL0881,45565.26356,49673.57363,37346.57015,35027.56334
CTL0882,21222.38005,30860.42609,17401.99803,20925.03187
CTL0883,4877.666596,3651.690344,16132.55688,2790.279657
CTL0884,6978.688132,6646.96773,41436.16047,5673.705798
CTL0885,17374.0479,10327.6331,29501.04375,6356.743208
CTL0886,3786.402417,2764.832314,7464.460066,2059.126175
CTL0887,121445.4204,120730.4802,74745.4023,94157.24191
CTL0888,26662.28908,25368.51479,16527.29387,19010.00226
CTL0889,21762.0584,20104.10833,16529.17783,15410.68396
CTL0890,49895.0008,51617.38632,42330.13288,43840.74731
CTL0891,19913.02997,20917.9094,15702.0427,18056.68428
CTL0892,15908.10816,13721.14547,16223.02272,15389.79731
CTL0893,15159.59229,13186.77873,14704.15719,12930.25451
CTL0894,5133.399946,3175.911283,6195.540301,2470.967967
CTL0895,35672.01982,34128.46879,48547.75769,61082.23715
CTL0897,42376.2845,37934.15292,41354.67411,46942.59199
